Date,Value
2015-07-30,0
2015-07-31,0
2015-08-01,0
2015-08-02,0
2015-08-03,0
2015-08-04,0
2015-08-05,0
2015-08-06,0
2015-08-07,604.68
2015-08-08,322.71
2015-08-09,475.47
2015-08-10,421.65
2015-08-11,77.84
2015-08-12,444.9
2015-08-13,268.68
2015-08-14,193.46
2015-08-15,144.37
2015-08-16,120.94
2015-08-17,132.15
2015-08-18,146.51
2015-08-19,194.58
2015-08-20,99.01
2015-08-21,79.54
2015-08-22,552.84
2015-08-23,73.44
2015-08-24,92.41
2015-08-25,76.43
2015-08-26,60.48
2015-08-27,59.31
2015-08-28,92.88
2015-08-29,56.21
2015-08-30,55.16
2015-08-31,58.42
2015-09-01,56.67
2015-09-02,59.24
2015-09-03,55.05
2015-09-04,58.78
2015-09-05,54.77
2015-09-06,55.09
2015-09-07,53.59
2015-09-08,64.93
2015-09-09,53.78
2015-09-10,54.63
2015-09-11,55.71
2015-09-12,61.83
2015-09-13,52.31
2015-09-14,53.77
2015-09-15,53.19
2015-09-16,111.52
2015-09-17,55.64
2015-09-18,55.7
2015-09-19,51.64
2015-09-20,52.91
2015-09-21,51.17
2015-09-22,51.47
2015-09-23,51.73
2015-09-24,54.26
2015-09-25,52.3
2015-09-26,55.32
2015-09-27,51.03
2015-09-28,52.68
2015-09-29,55.44
2015-09-30,51.46
2015-10-01,51.47
2015-10-02,52.57
2015-10-03,52.5
2015-10-04,50.73
2015-10-05,50.74
2015-10-06,51.38
2015-10-07,51.18
2015-10-08,56.97
2015-10-09,61.96
2015-10-10,64.89
2015-10-11,56.32
2015-10-12,51.36
2015-10-13,53.22
2015-10-14,57.98
2015-10-15,54.82
2015-10-16,53.4
2015-10-17,53.62
2015-10-18,52.01
2015-10-19,52.46
2015-10-20,53.77
2015-10-21,53.59
2015-10-22,57.25
2015-10-23,51.21
2015-10-24,50.75
2015-10-25,51.64
2015-10-26,54.59
2015-10-27,53.53
2015-10-28,54.79
2015-10-29,52.36
2015-10-30,54.02
2015-10-31,53.75
2015-11-01,50.75
2015-11-02,53.16
2015-11-03,51.58
2015-11-04,52.24
2015-11-05,52.99
2015-11-06,52.18
2015-11-07,51.94
2015-11-08,52.41
2015-11-09,51.92
2015-11-10,52.24
2015-11-11,52.56
2015-11-12,59.05
2015-11-13,51.53
2015-11-14,51.22
2015-11-15,51.54
2015-11-16,56.77
2015-11-17,56.3
2015-11-18,53.52
2015-11-19,54.12
2015-11-20,54.38
2015-11-21,54.04
2015-11-22,53.79
2015-11-23,55.63
2015-11-24,58.04
2015-11-25,54.24
2015-11-26,53.99
2015-11-27,53.46
2015-11-28,54.31
2015-11-29,53.32
2015-11-30,55.2
2015-12-01,54.84
2015-12-02,53.59
2015-12-03,53.56
2015-12-04,53.92
2015-12-05,54.43
2015-12-06,53.9
2015-12-07,53.99
2015-12-08,53.74
2015-12-09,54.73
2015-12-10,54.94
2015-12-11,58.2
2015-12-12,59.49
2015-12-13,56.7
2015-12-14,53.37
2015-12-15,62.65
2015-12-16,54.03
2015-12-17,55.08
2015-12-18,55.03
2015-12-19,53.89
2015-12-20,53.34
2015-12-21,53.47
2015-12-22,53.63
2015-12-23,55.66
2015-12-24,52.79
2015-12-25,53.55
2015-12-26,53.68
2015-12-27,66.85
2015-12-28,53.11
2015-12-29,53.73
2015-12-30,56.72
2015-12-31,57.66
2016-01-01,54.75
2016-01-02,53.32
2016-01-03,53.34
2016-01-04,54.04
2016-01-05,57.08
2016-01-06,53.72
2016-01-07,53.27
2016-01-08,53.8
2016-01-09,53.28
2016-01-10,53.1
2016-01-11,53.94
2016-01-12,54.53
2016-01-13,58.26
2016-01-14,55.25
2016-01-15,57.56
2016-01-16,55.15
2016-01-17,53.48
2016-01-18,53.95
2016-01-19,53.77
2016-01-20,55.72
2016-01-21,60.64
2016-01-22,56.2
2016-01-23,55.5
2016-01-24,58.95
2016-01-25,56.75
2016-01-26,58.96
2016-01-27,58.69
2016-01-28,56.18
2016-01-29,59.51
2016-01-30,67.2
2016-01-31,66.54
2016-02-01,66.17
2016-02-02,65.76
2016-02-03,64.14
2016-02-04,73.41
2016-02-05,68.27
2016-02-06,131.92
2016-02-07,81.67
2016-02-08,80.46
2016-02-09,124.51
2016-02-10,141.42
2016-02-11,66.43
2016-02-12,62.8
2016-02-13,57.73
2016-02-14,53.48
2016-02-15,56.79
2016-02-16,55.81
2016-02-17,54.6
2016-02-18,54.51
2016-02-19,54.61
2016-02-20,53.78
2016-02-21,54.26
2016-02-22,59.58
2016-02-23,61.02
2016-02-24,58.18
2016-02-25,57.46
2016-02-26,54.6
2016-02-27,54.11
2016-02-28,54.07
2016-02-29,58.42
2016-03-01,59.69
2016-03-02,67.32
2016-03-03,56.55
2016-03-04,53.63
2016-03-05,47.49
2016-03-06,47.26
2016-03-07,50.44
2016-03-08,53.6
2016-03-09,38.09
2016-03-10,30.2
2016-03-11,29.04
2016-03-12,29.2
2016-03-13,30.82
2016-03-14,28.51
2016-03-15,26.34
2016-03-16,25.52
2016-03-17,27.71
2016-03-18,26.3
2016-03-19,29.33
2016-03-20,26.66
2016-03-21,26.2
2016-03-22,23.52
2016-03-23,24.52
2016-03-24,24.82
2016-03-25,28.13
2016-03-26,25.1
2016-03-27,23.37
2016-03-28,23.29
2016-03-29,24.75
2016-03-30,29.36
2016-03-31,23.94
2016-04-01,23.09
2016-04-02,22.94
2016-04-03,22.71
2016-04-04,23.07
2016-04-05,22.86
2016-04-06,23.77
2016-04-07,22.92
2016-04-08,23.66
2016-04-09,23.37
2016-04-10,23.68
2016-04-11,23.66
2016-04-12,23.06
2016-04-13,25.25
2016-04-14,25.76
2016-04-15,22.85
2016-04-16,22.97
2016-04-17,23.17
2016-04-18,22.69
2016-04-19,22.92
2016-04-20,23.24
2016-04-21,24.58
2016-04-22,23.17
2016-04-23,23.33
2016-04-24,22.9
2016-04-25,22.89
2016-04-26,24.01
2016-04-27,22.77
2016-04-28,23.15
2016-04-29,22.52
2016-04-30,23.59
2016-05-01,24.07
2016-05-02,23.74
2016-05-03,24.3
2016-05-04,23.68
2016-05-05,24.29
2016-05-06,23.04
2016-05-07,23.12
2016-05-08,23.31
2016-05-09,23.02
2016-05-10,23.59
2016-05-11,23.63
2016-05-12,25.33
2016-05-13,28.09
2016-05-14,23.7
2016-05-15,22.44
2016-05-16,22.74
2016-05-17,22.85
2016-05-18,23.5
2016-05-19,23.54
2016-05-20,23.62
2016-05-21,22.93
2016-05-22,22.92
2016-05-23,23.05
2016-05-24,23.39
2016-05-25,23.12
2016-05-26,22.61
2016-05-27,23.74
2016-05-28,26.75
2016-05-29,23.68
2016-05-30,23.15
2016-05-31,22.74
2016-06-01,22.69
2016-06-02,22.83
2016-06-03,22.75
2016-06-04,22.56
2016-06-05,22.63
2016-06-06,23.22
2016-06-07,23.74
2016-06-08,23.04
2016-06-09,22.66
2016-06-10,22.8
2016-06-11,22.38
2016-06-12,22.95
2016-06-13,22.76
2016-06-14,22.86
2016-06-15,22.71
2016-06-16,23.21
2016-06-17,24.63
2016-06-18,24.84
2016-06-19,22.74
2016-06-20,22.69
2016-06-21,25.07
2016-06-22,23.02
2016-06-23,22.62
2016-06-24,22.38
2016-06-25,22.5
2016-06-26,22.14
2016-06-27,22.31
2016-06-28,22.58
2016-06-29,22.92
2016-06-30,22.45
2016-07-01,22.62
2016-07-02,22.17
2016-07-03,22.44
2016-07-04,22.45
2016-07-05,22.79
2016-07-06,22.38
2016-07-07,22.36
2016-07-08,22.37
2016-07-09,22.41
2016-07-10,22.3
2016-07-11,22.51
2016-07-12,22.44
2016-07-13,22.11
2016-07-14,22.32
2016-07-15,22.15
2016-07-16,22.45
2016-07-17,22.39
2016-07-18,22.19
2016-07-19,21.82
2016-07-20,22.55
2016-07-21,22.5
2016-07-22,22.39
2016-07-23,22.64
2016-07-24,23.33
2016-07-25,23.06
2016-07-26,23.8
2016-07-27,22.89
2016-07-28,24.34
2016-07-29,22.95
2016-07-30,22.34
2016-07-31,22.55
2016-08-01,22.56
2016-08-02,22.68
2016-08-03,22.67
2016-08-04,22.42
2016-08-05,22.71
2016-08-06,22.26
2016-08-07,22.14
2016-08-08,22.24
2016-08-09,22.88
2016-08-10,22.84
2016-08-11,22.43
2016-08-12,23.39
2016-08-13,22.12
2016-08-14,22.08
2016-08-15,22.39
2016-08-16,22.13
2016-08-17,22.45
2016-08-18,22.27
2016-08-19,23.01
2016-08-20,22.01
2016-08-21,22.72
2016-08-22,22.32
2016-08-23,22.47
2016-08-24,22.14
2016-08-25,21.66
2016-08-26,22.06
2016-08-27,22.08
2016-08-28,22.33
2016-08-29,22.5
2016-08-30,21.97
2016-08-31,22.38
2016-09-01,22.35
2016-09-02,21.83
2016-09-03,22.18
2016-09-04,23.12
2016-09-05,22.3
2016-09-06,22.01
2016-09-07,22.09
2016-09-08,22.63
2016-09-09,21.96
2016-09-10,22.52
2016-09-11,23.22
2016-09-12,23.19
2016-09-13,22.17
2016-09-14,21.85
2016-09-15,22.08
2016-09-16,21.91
2016-09-17,22.35
2016-09-18,22.72
2016-09-19,22.46
2016-09-20,22.11
2016-09-21,21.88
2016-09-22,22
2016-09-23,36.52
2016-09-24,33.23
2016-09-25,38.65
2016-09-26,43.19
2016-09-27,35.88
2016-09-28,31.05
2016-09-29,30.52
2016-09-30,29.82
2016-10-01,27.85
2016-10-02,29.27
2016-10-03,28.92
2016-10-04,25.72
2016-10-05,25.2
2016-10-06,23.38
2016-10-07,23.15
2016-10-08,23.38
2016-10-09,24.29
2016-10-10,23.81
2016-10-11,24.29
2016-10-12,26.04
2016-10-13,74.51
2016-10-14,47.49
2016-10-15,67.02
2016-10-16,64.86
2016-10-17,62.92
2016-10-18,56.11
2016-10-19,26.73
2016-10-20,28.39
2016-10-21,27.33
2016-10-22,25.57
2016-10-23,27.19
2016-10-24,26.74
2016-10-25,25.47
2016-10-26,24.77
2016-10-27,25.34
2016-10-28,26.39
2016-10-29,26.93
2016-10-30,25.71
2016-10-31,24.96
2016-11-01,27.31
2016-11-02,24.48
2016-11-03,24.96
2016-11-04,23.95
2016-11-05,24.2
2016-11-06,24.06
2016-11-07,24.56
2016-11-08,24.36
2016-11-09,25.67
2016-11-10,24.7
2016-11-11,28.89
2016-11-12,25.24
2016-11-13,25.17
2016-11-14,24.97
2016-11-15,24.59
2016-11-16,24.75
2016-11-17,24.33
2016-11-18,24.78
2016-11-19,24.37
2016-11-20,24.3
2016-11-21,24.83
2016-11-22,23.33
2016-11-23,24.57
2016-11-24,27.98
2016-11-25,24.44
2016-11-26,24.64
2016-11-27,25.26
2016-11-28,25.73
2016-11-29,25.16
2016-11-30,23.38
2016-12-01,22.79
2016-12-02,23.1
2016-12-03,22.83
2016-12-04,22.64
2016-12-05,23.61
2016-12-06,23.64
2016-12-07,23.37
2016-12-08,939.59
2016-12-09,22.95
2016-12-10,22.76
2016-12-11,23.1
2016-12-12,23.6
2016-12-13,22.65
2016-12-14,22.62
2016-12-15,23.09
2016-12-16,22.99
2016-12-17,23.6
2016-12-18,23.99
2016-12-19,23.12
2016-12-20,24.12
2016-12-21,23.59
2016-12-22,20.48
2016-12-23,21.89
2016-12-24,22.91
2016-12-25,22.74
2016-12-26,22.81
2016-12-27,23.15
2016-12-28,22.82
2016-12-29,23.05
2016-12-30,22.84
2016-12-31,22.45
2017-01-01,22.5
2017-01-02,22.99
2017-01-03,23.22
2017-01-04,23.04
2017-01-05,22.94
2017-01-06,23.01
2017-01-07,22.84
2017-01-08,23
2017-01-09,23.09
2017-01-10,22.53
2017-01-11,22.68
2017-01-12,23.04
2017-01-13,22.12
2017-01-14,22.41
2017-01-15,22.42
2017-01-16,22.4
2017-01-17,22.74
2017-01-18,22.42
2017-01-19,22.23
2017-01-20,22.37
2017-01-21,22.41
2017-01-22,22.12
2017-01-23,22.27
2017-01-24,22.08
2017-01-25,22.33
2017-01-26,22.48
2017-01-27,22.45
2017-01-28,22.22
2017-01-29,22.39
2017-01-30,22.23
2017-01-31,23.01
2017-02-01,22.54
2017-02-02,22.62
2017-02-03,22.51
2017-02-04,22.62
2017-02-05,22.33
2017-02-06,22.49
2017-02-07,22.38
2017-02-08,22.77
2017-02-09,22.87
2017-02-10,22.4
2017-02-11,22.2
2017-02-12,22.63
2017-02-13,23.21
2017-02-14,22.82
2017-02-15,31.92
2017-02-16,22.6
2017-02-17,22.53
2017-02-18,23.06
2017-02-19,22.39
2017-02-20,22.47
2017-02-21,22.57
2017-02-22,22.84
2017-02-23,22.74
2017-02-24,22.76
2017-02-25,22.58
2017-02-26,22.77
2017-02-27,23.19
2017-02-28,23.58
2017-03-01,27.4
2017-03-02,23.61
2017-03-03,23.01
2017-03-04,22.75
2017-03-05,22.46
2017-03-06,22.68
2017-03-07,22.44
2017-03-08,22.72
2017-03-09,22.46
2017-03-10,25.72
2017-03-11,22.82
2017-03-12,22.94
2017-03-13,23.5
2017-03-14,22.96
2017-03-15,22.88
2017-03-16,23.32
2017-03-17,27.33
2017-03-18,22.59
2017-03-19,22.68
2017-03-20,22.49
2017-03-21,22.4
2017-03-22,22.75
2017-03-23,22.54
2017-03-24,27.44
2017-03-25,23.01
2017-03-26,22.25
2017-03-27,22.25
2017-03-28,22.25
2017-03-29,22.26
2017-03-30,22.34
2017-03-31,22.42
2017-04-01,22.15
2017-04-02,22.18
2017-04-03,22.18
2017-04-04,22.34
2017-04-05,22.44
2017-04-06,22.78
2017-04-07,22.13
2017-04-08,22.13
2017-04-09,21.96
2017-04-10,22.33
2017-04-11,22.01
2017-04-12,23.07
2017-04-13,22.31
2017-04-14,22.26
2017-04-15,22.24
2017-04-16,22.1
2017-04-17,22.26
2017-04-18,22.75
2017-04-19,22.63
2017-04-20,22.48
2017-04-21,22.82
2017-04-22,22.63
2017-04-23,21.9
2017-04-24,22.99
2017-04-25,21.73
2017-04-26,22.05
2017-04-27,22.38
2017-04-28,22.13
2017-04-29,22.8
2017-04-30,22.54
2017-05-01,22.99
2017-05-02,22.98
2017-05-03,22.18
2017-05-04,22.52
2017-05-05,22.91
2017-05-06,22.25
2017-05-07,22.86
2017-05-08,22.3
2017-05-09,22.42
2017-05-10,22.14
2017-05-11,22.28
2017-05-12,22.22
2017-05-13,22.18
2017-05-14,22.05
2017-05-15,22.23
2017-05-16,22.34
2017-05-17,26.66
2017-05-18,22.64
2017-05-19,22.51
2017-05-20,22.58
2017-05-21,22.37
2017-05-22,22.95
2017-05-23,22.88
2017-05-24,23.51
2017-05-25,22.63
2017-05-26,22.77
2017-05-27,22.31
2017-05-28,21.92
2017-05-29,22.43
2017-05-30,24.76
2017-05-31,38.21
2017-06-01,23.81
2017-06-02,22.91
2017-06-03,22.68
2017-06-04,23.51
2017-06-05,22.89
2017-06-06,23.54
2017-06-07,23.56
2017-06-08,23.57
2017-06-09,22.52
2017-06-10,22.42
2017-06-11,23.84
2017-06-12,30.39
2017-06-13,24.9
2017-06-14,22.81
2017-06-15,23.41
2017-06-16,22.08
2017-06-17,20.94
2017-06-18,19.78
2017-06-19,21.05
2017-06-20,35.61
2017-06-21,58.26
2017-06-22,41.15
2017-06-23,40.96
2017-06-24,47.31
2017-06-25,34.52
2017-06-26,49.58
2017-06-27,31.58
2017-06-28,43.48
2017-06-29,35.02
2017-06-30,27.22
2017-07-01,26.69
2017-07-02,25.58
2017-07-03,28.12
2017-07-04,24.66
2017-07-05,26.13
2017-07-06,24.84
2017-07-07,27.02
2017-07-08,26.09
2017-07-09,26.86
2017-07-10,22.84
2017-07-11,24.58
2017-07-12,24.3
2017-07-13,23.63
2017-07-14,23.12
2017-07-15,26.64
2017-07-16,24.23
2017-07-17,25.01
2017-07-18,26.92
2017-07-19,25.86
2017-07-20,23.79
2017-07-21,34.12
2017-07-22,24.73
2017-07-23,24.41
2017-07-24,24.99
2017-07-25,26.7
2017-07-26,26.64
2017-07-27,25.76
2017-07-28,25.16
2017-07-29,24.07
2017-07-30,23.91
2017-07-31,22.31
2017-08-01,25.46
2017-08-02,25.15
2017-08-03,24.88
2017-08-04,22.63
2017-08-05,23.98
2017-08-06,24.29
2017-08-07,25.19
2017-08-08,23.84
2017-08-09,24.06
2017-08-10,24.24
2017-08-11,25.06
2017-08-12,24.8
2017-08-13,22.05
2017-08-14,22.12
2017-08-15,21.73
2017-08-16,34.72
2017-08-17,29.04
2017-08-18,44.65
2017-08-19,25.85
2017-08-20,22.97
2017-08-21,23.06
2017-08-22,23.42
2017-08-23,23.26
2017-08-24,24.49
2017-08-25,25.31
2017-08-26,22.82
2017-08-27,22.15
2017-08-28,23.02
2017-08-29,26.06
2017-08-30,25.92
2017-08-31,36.2
2017-09-01,29.04
2017-09-02,62.68
2017-09-03,24.63
2017-09-04,27.79
2017-09-05,30.14
2017-09-06,36.52
2017-09-07,36.15
2017-09-08,42.28
2017-09-09,29.94
2017-09-10,36.14
2017-09-11,26.44
2017-09-12,28.43
2017-09-13,27.12
2017-09-14,28.37
2017-09-15,35.53
2017-09-16,35.28
2017-09-17,32.85
2017-09-18,27.53
2017-09-19,28.24
2017-09-20,30.1
2017-09-21,23.98
2017-09-22,24.38
2017-09-23,23.56
2017-09-24,28.23
2017-09-25,25.55
2017-09-26,24.57
2017-09-27,26.55
2017-09-28,25.41
2017-09-29,23.18
2017-09-30,26.23
2017-10-01,24.19
2017-10-02,25.38
2017-10-03,23.88
2017-10-04,23.69
2017-10-05,24.3
2017-10-06,25.76
2017-10-07,22.71
2017-10-08,24.09
2017-10-09,24.17
2017-10-10,25.06
2017-10-11,30.04
2017-10-12,24.51
2017-10-13,26.49
2017-10-14,24.2
2017-10-15,23.51
2017-10-16,16.68
2017-10-17,14.19
2017-10-18,14.08
2017-10-19,12.24
2017-10-20,14.61
2017-10-21,12.13
2017-10-22,10.75
2017-10-23,13.78
2017-10-24,14.42
2017-10-25,12.72
2017-10-26,12.39
2017-10-27,11.55
2017-10-28,10.49
2017-10-29,10.37
2017-10-30,11.81
2017-10-31,13.69
2017-11-01,14.98
2017-11-02,15.92
2017-11-03,12.78
2017-11-04,11.62
2017-11-05,10.7
2017-11-06,10.43
2017-11-07,13.39
2017-11-08,16.15
2017-11-09,15.79
2017-11-10,15.04
2017-11-11,15.39
2017-11-12,18.01
2017-11-13,16.6
2017-11-14,16.7
2017-11-15,17.41
2017-11-16,16.02
2017-11-17,16.41
2017-11-18,13.34
2017-11-19,14.23
2017-11-20,16.09
2017-11-21,17.55
2017-11-22,16.47
2017-11-23,15.99
2017-11-24,15.46
2017-11-25,12.89
2017-11-26,14.95
2017-11-27,15.54
2017-11-28,16.78
2017-11-29,17.5
2017-11-30,16.35
2017-12-01,14.56
2017-12-02,13.18
2017-12-03,14.07
2017-12-04,21.96
2017-12-05,30.92
2017-12-06,42.12
2017-12-07,59.66
2017-12-08,61.1
2017-12-09,55.56
2017-12-10,43.57
2017-12-11,35.27
2017-12-12,38.37
2017-12-13,38.63
2017-12-14,41.79
2017-12-15,35.43
2017-12-16,35.3
2017-12-17,29.12
2017-12-18,27.44
2017-12-19,34.33
2017-12-20,41.56
2017-12-21,41.64
2017-12-22,40.79
2017-12-23,33.29
2017-12-24,30.23
2017-12-25,26.11
2017-12-26,25.93
2017-12-27,25.11
2017-12-28,24.13
2017-12-29,25.03
2017-12-30,24.16
2017-12-31,24.71
2018-01-01,23.31
2018-01-02,26.32
2018-01-03,27.92
2018-01-04,33.36
2018-01-05,84.46
2018-01-06,95.79
2018-01-07,74.59
2018-01-08,73.64
2018-01-09,76.79
2018-01-10,95.44
2018-01-11,82.6
2018-01-12,60.01
2018-01-13,63.72
2018-01-14,58.4
2018-01-15,53.86
2018-01-16,54.78
2018-01-17,52.11
2018-01-18,53.75
2018-01-19,51.16
2018-01-20,51.09
2018-01-21,40.36
2018-01-22,33.8
2018-01-23,39.25
2018-01-24,37.65
2018-01-25,33.57
2018-01-26,28.11
2018-01-27,27.55
2018-01-28,27.8
2018-01-29,37.03
2018-01-30,30.08
2018-01-31,29.4
2018-02-01,40.44
2018-02-02,35.39
2018-02-03,29.3
2018-02-04,29.03
2018-02-05,26.87
2018-02-06,27.96
2018-02-07,26.69
2018-02-08,24.97
2018-02-09,22.86
2018-02-10,23.84
2018-02-11,21.9
2018-02-12,20.82
2018-02-13,21.68
2018-02-14,22.5
2018-02-15,21.57
2018-02-16,21.59
2018-02-17,21.84
2018-02-18,23.12
2018-02-19,19.91
2018-02-20,20.25
2018-02-21,19.36
2018-02-22,17.9
2018-02-23,18.83
2018-02-24,19.38
2018-02-25,16.76
2018-02-26,17.77
2018-02-27,17.89
2018-02-28,20.19
2018-03-01,18.47
2018-03-02,20.45
2018-03-03,16.32
2018-03-04,17.31
2018-03-05,19.64
2018-03-06,18.18
2018-03-07,19.77
2018-03-08,18.36
2018-03-09,17.75
2018-03-10,14.79
2018-03-11,13.8
2018-03-12,15.35
2018-03-13,13.21
2018-03-14,14.2
2018-03-15,14.35
2018-03-16,16.34
2018-03-17,12.25
2018-03-18,12.75
2018-03-19,13.09
2018-03-20,13.43
2018-03-21,14.14
2018-03-22,14.41
2018-03-23,15.62
2018-03-24,13.78
2018-03-25,13.54
2018-03-26,18.18
2018-03-27,14.36
2018-03-28,14.63
2018-03-29,15.64
2018-03-30,12.77
2018-03-31,11.48
2018-04-01,11.1
2018-04-02,12.13
2018-04-03,12.29
2018-04-04,10.97
2018-04-05,15.47
2018-04-06,13.58
2018-04-07,10.75
2018-04-08,10.49
2018-04-09,11.9
2018-04-10,12.19
2018-04-11,12.41
2018-04-12,13.47
2018-04-13,15.62
2018-04-14,12.18
2018-04-15,11.5
2018-04-16,11.89
2018-04-17,12.17
2018-04-18,14.29
2018-04-19,12.81
2018-04-20,12.53
2018-04-21,11.34
2018-04-22,11.66
2018-04-23,12.24
2018-04-24,14.32
2018-04-25,13.56
2018-04-26,14.27
2018-04-27,14.69
2018-04-28,17.58
2018-04-29,15.44
2018-04-30,16.26
2018-05-01,14.28
2018-05-02,14.72
2018-05-03,16.37
2018-05-04,14.7
2018-05-05,13.44
2018-05-06,13.67
2018-05-07,13.63
2018-05-08,16.2
2018-05-09,15.05
2018-05-10,18.43
2018-05-11,18.76
2018-05-12,13.47
2018-05-13,14.4
2018-05-14,18.39
2018-05-15,18.37
2018-05-16,18.3
2018-05-17,18.99
2018-05-18,18.72
2018-05-19,17.77
2018-05-20,16.9
2018-05-21,17.93
2018-05-22,19.4
2018-05-23,19.76
2018-05-24,18.51
2018-05-25,18.3
2018-05-26,15.82
2018-05-27,14.78
2018-05-28,21.32
2018-05-29,21.23
2018-05-30,21.43
2018-05-31,26.02
2018-06-01,22.28
2018-06-02,16.1
2018-06-03,15.44
2018-06-04,19.07
2018-06-05,17.19
2018-06-06,19.74
2018-06-07,16.98
2018-06-08,15.95
2018-06-09,12.62
2018-06-10,12.55
2018-06-11,13.95
2018-06-12,14.05
2018-06-13,14.42
2018-06-14,15.92
2018-06-15,16.8
2018-06-16,24.85
2018-06-17,11.23
2018-06-18,11.82
2018-06-19,14.43
2018-06-20,13.47
2018-06-21,13.05
2018-06-22,38.88
2018-06-23,14.03
2018-06-24,16.16
2018-06-25,15.64
2018-06-26,12.01
2018-06-27,12.45
2018-06-28,11.7
2018-06-29,12.12
2018-06-30,34.21
2018-07-01,59.84
2018-07-02,86.35
2018-07-03,82.06
2018-07-04,59.08
2018-07-05,48.72
2018-07-06,70.21
2018-07-07,60.24
2018-07-08,35.59
2018-07-09,25.83
2018-07-10,21.32
2018-07-11,19.05
2018-07-12,29.19
2018-07-13,29.85
2018-07-14,57.68
2018-07-15,48.22
2018-07-16,18.56
2018-07-17,17.55
2018-07-18,15.41
2018-07-19,13.03
2018-07-20,15.88
2018-07-21,15.83
2018-07-22,11.03
2018-07-23,15.55
2018-07-24,15.41
2018-07-25,13.35
2018-07-26,12.32
2018-07-27,10.75
2018-07-28,11.54
2018-07-29,9.257
2018-07-30,10.93
2018-07-31,11.02
2018-08-01,36.68
2018-08-02,10.2
2018-08-03,10.51
2018-08-04,9.925
2018-08-05,8.072
2018-08-06,12.54
2018-08-07,25.25
2018-08-08,57.4
2018-08-09,53.12
2018-08-10,34.48
2018-08-11,14.84
2018-08-12,10.98
2018-08-13,14.81
2018-08-14,16.05
2018-08-15,15.05
2018-08-16,12.64
2018-08-17,39.21
2018-08-18,16.11
2018-08-19,14.36
2018-08-20,12.43
2018-08-21,13.05
2018-08-22,17.02
2018-08-23,14.05
2018-08-24,21.5
2018-08-25,11.43
2018-08-26,16.11
2018-08-27,12.39
2018-08-28,12.81
2018-08-29,17.29
2018-08-30,13.56
2018-08-31,14.42
2018-09-01,11.04
2018-09-02,10.28
2018-09-03,12.11
2018-09-04,13.89
2018-09-05,12.61
2018-09-06,14.95
2018-09-07,14.73
2018-09-08,12.17
2018-09-09,12.54
2018-09-10,13.45
2018-09-11,15.68
2018-09-12,16.18
2018-09-13,16.65
2018-09-14,14.65
2018-09-15,13.26
2018-09-16,13.16
2018-09-17,15.41
2018-09-18,25.2
2018-09-19,19.87
2018-09-20,15.89
2018-09-21,18.24
2018-09-22,14.43
2018-09-23,13.14
2018-09-24,16.84
2018-09-25,16.97
2018-09-26,16.34
2018-09-27,16.74
2018-09-28,18.14
2018-09-29,21.87
2018-09-30,16.56
2018-10-01,18.94
2018-10-02,19.03
2018-10-03,13.25
2018-10-04,13.25
2018-10-05,13.57
2018-10-06,9.436
2018-10-07,11.77
2018-10-08,14.58
2018-10-09,12.98
2018-10-10,15.89
2018-10-11,15.39
2018-10-12,29.28
2018-10-13,11.59
2018-10-14,11.72
2018-10-15,15.63
2018-10-16,12.74
2018-10-17,13.44
2018-10-18,13.15
2018-10-19,13.7
2018-10-20,13.29
2018-10-21,12.03
2018-10-22,13.16
2018-10-23,14.52
2018-10-24,15.17
2018-10-25,16.01
2018-10-26,16.42
2018-10-27,14.14
2018-10-28,12.96
2018-10-29,14.94
2018-10-30,14.93
2018-10-31,14.9
2018-11-01,14.2
2018-11-02,15.18
2018-11-03,16.15
2018-11-04,13.06
2018-11-05,16.75
2018-11-06,17.33
2018-11-07,16.34
2018-11-08,18.89
2018-11-09,15.75
2018-11-10,12.03
2018-11-11,10.62
2018-11-12,14.37
2018-11-13,15.06
2018-11-14,17.42
2018-11-15,18.47
2018-11-16,16.12
2018-11-17,13.28
2018-11-18,14.9
2018-11-19,17.03
2018-11-20,17.96
2018-11-21,15.27
2018-11-22,15.01
2018-11-23,15.81
2018-11-24,15.42
2018-11-25,16.31
2018-11-26,16.32
2018-11-27,14.68
2018-11-28,16.29
2018-11-29,20.35
2018-11-30,22.65
2018-12-01,17.36
2018-12-02,15.74
2018-12-03,17.35
2018-12-04,17.19
2018-12-05,17.71
2018-12-06,16.36
2018-12-07,16.59
2018-12-08,12.33
2018-12-09,11.99
2018-12-10,13.94
2018-12-11,14.8
2018-12-12,14.46
2018-12-13,17.61
2018-12-14,29.18
2018-12-15,12.75
2018-12-16,11.78
2018-12-17,13.82
2018-12-18,31.67
2018-12-19,15.9
2018-12-20,15.78
2018-12-21,15.82
2018-12-22,14.02
2018-12-23,14.62
2018-12-24,16.61
2018-12-25,14.77
2018-12-26,24.48
2018-12-27,13.53
2018-12-28,14.15
2018-12-29,12.98
2018-12-30,15.84
2018-12-31,13.84
2019-01-01,14.33
2019-01-02,13.52
2019-01-03,12.7
2019-01-04,14.2
2019-01-05,24.12
2019-01-06,13.44
2019-01-07,15.73
2019-01-08,13.68
2019-01-09,13.53
2019-01-10,15.36
2019-01-11,13.63
2019-01-12,12.18
2019-01-13,12.3
2019-01-14,19.18
2019-01-15,18.4
2019-01-16,20.63
2019-01-17,13.64
2019-01-18,14.39
2019-01-19,12.43
2019-01-20,12.39
2019-01-21,13.57
2019-01-22,18.56
2019-01-23,13.31
2019-01-24,14.39
2019-01-25,13.86
2019-01-26,12.62
2019-01-27,11.79
2019-01-28,15.21
2019-01-29,12.44
2019-01-30,13.05
2019-01-31,14.21
2019-02-01,13.23
2019-02-02,12
2019-02-03,11.64
2019-02-04,12.08
2019-02-05,12.59
2019-02-06,12.59
2019-02-07,14.06
2019-02-08,13.31
2019-02-09,12.39
2019-02-10,12.85
2019-02-11,13.98
2019-02-12,13.01
2019-02-13,13.71
2019-02-14,19.15
2019-02-15,14.75
2019-02-16,13.51
2019-02-17,13.76
2019-02-18,17.09
2019-02-19,373.91
2019-02-20,16.1
2019-02-21,15.31
2019-02-22,14.91
2019-02-23,14.04
2019-02-24,16.25
2019-02-25,17.02
2019-02-26,17.42
2019-02-27,16.33
2019-02-28,18.83
2019-03-01,12.97
2019-03-02,12.15
2019-03-03,12.06
2019-03-04,12.67
2019-03-05,13.5
2019-03-06,14.05
2019-03-07,13.74
2019-03-08,13.48
2019-03-09,11.96
2019-03-10,12.11
2019-03-11,12.48
2019-03-12,12.24
2019-03-13,11.7
2019-03-14,11.05
2019-03-15,11.02
2019-03-16,10.38
2019-03-17,14.58
2019-03-18,195.88
2019-03-19,13.12
2019-03-20,12.18
2019-03-21,13.9
2019-03-22,12.58
2019-03-23,10.99
2019-03-24,11
2019-03-25,12.55
2019-03-26,13.06
2019-03-27,13.6
2019-03-28,12.2
2019-03-29,12.58
2019-03-30,10.41
2019-03-31,10.56
2019-04-01,12.55
2019-04-02,13.86
2019-04-03,16.78
2019-04-04,13.72
2019-04-05,11.84
2019-04-06,10.76
2019-04-07,11.33
2019-04-08,12.54
2019-04-09,12.04
2019-04-10,15.26
2019-04-11,12.5
2019-04-12,11.67
2019-04-13,10.65
2019-04-14,10.39
2019-04-15,10.62
2019-04-16,10.78
2019-04-17,11.27
2019-04-18,11.93
2019-04-19,11.04
2019-04-20,8.989
2019-04-21,9.505
2019-04-22,10.75
2019-04-23,11.22
2019-04-24,12.14
2019-04-25,10.53
2019-04-26,12.1
2019-04-27,9.633
2019-04-28,9.399
2019-04-29,10.36
2019-04-30,10.12
2019-05-01,9.786
2019-05-02,40.48
2019-05-03,11
2019-05-04,10.09
2019-05-05,9.698
2019-05-06,10.59
2019-05-07,12.58
2019-05-08,10.99
2019-05-09,10.64
2019-05-10,11.39
2019-05-11,10.9
2019-05-12,10.84
2019-05-13,13.69
2019-05-14,13.34
2019-05-15,16.28
2019-05-16,21.01
2019-05-17,18.21
2019-05-18,14.71
2019-05-19,14.05
2019-05-20,15.52
2019-05-21,12.95
2019-05-22,16.44
2019-05-23,14.47
2019-05-24,15.06
2019-05-25,12.14
2019-05-26,10.8
2019-05-27,14.71
2019-05-28,15.12
2019-05-29,16.61
2019-05-30,17.36
2019-05-31,15.88
2019-06-01,13.5
2019-06-02,10.84
2019-06-03,13.64
2019-06-04,14.34
2019-06-05,14.73
2019-06-06,12.78
2019-06-07,13.55
2019-06-08,17.86
2019-06-09,11.77
2019-06-10,18.77
2019-06-11,15.3
2019-06-12,10.7
2019-06-13,12.5
2019-06-14,14.51
2019-06-15,16.66
2019-06-16,11.74
2019-06-17,18.03
2019-06-18,14.14
2019-06-19,15.15
2019-06-20,19.17
2019-06-21,13.13
2019-06-22,13.08
2019-06-23,12.9
2019-06-24,14.34
2019-06-25,18.44
2019-06-26,18.23
2019-06-27,20.54
2019-06-28,17.84
2019-06-29,14.97
2019-06-30,16.15
2019-07-01,19.51
2019-07-02,15.74
2019-07-03,13.48
2019-07-04,12.36
2019-07-05,14.99
2019-07-06,14.14
2019-07-07,11.15
2019-07-08,15.4
2019-07-09,13.38
2019-07-10,12.33
2019-07-11,17.69
2019-07-12,13.89
2019-07-13,11.68
2019-07-14,14.58
2019-07-15,14.43
2019-07-16,22.12
2019-07-17,19.08
2019-07-18,13.2
2019-07-19,17.35
2019-07-20,11.84
2019-07-21,12.48
2019-07-22,12.14
2019-07-23,13.45
2019-07-24,18.81
2019-07-25,17.93
2019-07-26,12.84
2019-07-27,11.95
2019-07-28,10.85
2019-07-29,12.4
2019-07-30,12.98
2019-07-31,13.14
2019-08-01,18.32
2019-08-02,14.82
2019-08-03,17.62
2019-08-04,10.41
2019-08-05,12.21
2019-08-06,12.17
2019-08-07,11.74
2019-08-08,12.96
2019-08-09,13.28
2019-08-10,12.21
2019-08-11,11.6
2019-08-12,12.88
2019-08-13,18.84
2019-08-14,12.12
2019-08-15,14.15
2019-08-16,12.12
2019-08-17,10.57
2019-08-18,11.03
2019-08-19,13.8
2019-08-20,13.73
2019-08-21,16.14
2019-08-22,14.73
2019-08-23,13.89
2019-08-24,12.92
2019-08-25,13.83
2019-08-26,17.09
2019-08-27,14.64
2019-08-28,14.69
2019-08-29,14.97
2019-08-30,14.68
2019-08-31,14.08
2019-09-01,14.74
2019-09-02,15.93
2019-09-03,14.92
2019-09-04,14.8
2019-09-05,18.54
2019-09-06,18.51
2019-09-07,17.64
2019-09-08,18.53
2019-09-09,20.49
2019-09-10,21.91
2019-09-11,21.35
2019-09-12,22.88
2019-09-13,22
2019-09-14,22.84
2019-09-15,22.25
2019-09-16,22.83
2019-09-17,26.41
2019-09-18,28.4
2019-09-19,29.79
2019-09-20,28.55
2019-09-21,23.16
2019-09-22,20.62
2019-09-23,25.27
2019-09-24,29.01
2019-09-25,34.52
2019-09-26,24.84
2019-09-27,25.31
2019-09-28,22.57
2019-09-29,23.51
2019-09-30,21.7
2019-10-01,14.79
2019-10-02,14.78
2019-10-03,16.42
2019-10-04,16.62
2019-10-05,15.31
2019-10-06,13.86
2019-10-07,14.67
2019-10-08,14.79
2019-10-09,16.95
2019-10-10,15.84
2019-10-11,15.37
2019-10-12,14.54
2019-10-13,15.21
2019-10-14,15.22
2019-10-15,15.11
2019-10-16,14.45
2019-10-17,14.11
2019-10-18,14.3
2019-10-19,14.18
2019-10-20,15.58
2019-10-21,15.28
2019-10-22,16.35
2019-10-23,18.83
2019-10-24,15.25
2019-10-25,16.02
2019-10-26,16
2019-10-27,14.66
2019-10-28,16.06
2019-10-29,16.28
2019-10-30,16.16
2019-10-31,15.99
2019-11-01,15.36
2019-11-02,14.25
2019-11-03,14.6
2019-11-04,15.09
2019-11-05,14.47
2019-11-06,13.89
2019-11-07,17.21
2019-11-08,14.14
2019-11-09,14.33
2019-11-10,13.89
2019-11-11,14.76
2019-11-12,14.53
2019-11-13,14.94
2019-11-14,15.99
2019-11-15,14.43
2019-11-16,13.1
2019-11-17,13.6
2019-11-18,21.61
2019-11-19,14.28
2019-11-20,15.04
2019-11-21,17.83
2019-11-22,23.87
2019-11-23,13.47
2019-11-24,13.76
2019-11-25,20.12
2019-11-26,16.32
2019-11-27,14.46
2019-11-28,14.62
2019-11-29,13.46
2019-11-30,13.17
2019-12-01,16.16
2019-12-02,15.21
2019-12-03,13.99
2019-12-04,13.99
2019-12-05,13.29
2019-12-06,13.47
2019-12-07,12.14
2019-12-08,9.62
2019-12-09,11.59
2019-12-10,12.2
2019-12-11,13.19
2019-12-12,12.09
2019-12-13,12.03
2019-12-14,11.65
2019-12-15,12.38
2019-12-16,13.57
2019-12-17,15.43
2019-12-18,16.54
2019-12-19,12.76
2019-12-20,12.99
2019-12-21,11.59
2019-12-22,11.04
2019-12-23,12.72
2019-12-24,11.74
2019-12-25,11.92
2019-12-26,11.93
2019-12-27,12.1
2019-12-28,11.83
2019-12-29,11.25
2019-12-30,11.99
2019-12-31,14.03
2020-01-01,11.66
2020-01-02,10.57
2020-01-03,11.49
2020-01-04,9.665
2020-01-05,9.764
2020-01-06,11
2020-01-07,10.48
2020-01-08,11.4
2020-01-09,10.88
2020-01-10,12.32
2020-01-11,11.17
2020-01-12,10.93
2020-01-13,11.07
2020-01-14,15.76
2020-01-15,11.18
2020-01-16,9.898
2020-01-17,10.67
2020-01-18,10.82
2020-01-19,10.37
2020-01-20,9.628
2020-01-21,9.527
2020-01-22,9.941
2020-01-23,8.96
2020-01-24,8.302
2020-01-25,7.515
2020-01-26,7.321
2020-01-27,8.607
2020-01-28,8.45
2020-01-29,8.557
2020-01-30,9.07
2020-01-31,8.966
2020-02-01,9.214
2020-02-02,9.054
2020-02-03,9.836
2020-02-04,11.7
2020-02-05,12.41
2020-02-06,12.98
2020-02-07,13.09
2020-02-08,11.68
2020-02-09,11.23
2020-02-10,11.35
2020-02-11,11.19
2020-02-12,12.71
2020-02-13,13.28
2020-02-14,12.62
2020-02-15,13.12
2020-02-16,12.55
2020-02-17,11.97
2020-02-18,11.19
2020-02-19,12.08
2020-02-20,12.01
2020-02-21,9.495
2020-02-22,10.36
2020-02-23,12.96
2020-02-24,12.11
2020-02-25,11.69
2020-02-26,14.29
2020-02-27,11.86
2020-02-28,11.79
2020-02-29,10
2020-03-01,10.37
2020-03-02,10.06
2020-03-03,10.71
2020-03-04,10.91
2020-03-05,11.52
2020-03-06,11.2
2020-03-07,10.99
2020-03-08,13.03
2020-03-09,14.2
2020-03-10,11.53
2020-03-11,12.88
2020-03-12,77.9
2020-03-13,84.76
2020-03-14,16.66
2020-03-15,14.36
2020-03-16,29.71
2020-03-17,18.73
2020-03-18,15.71
2020-03-19,18.32
2020-03-20,16.36
2020-03-21,12.41
2020-03-22,12.94
2020-03-23,14.47
2020-03-24,13.69
2020-03-25,13.76
2020-03-26,13.02
2020-03-27,12.55
2020-03-28,11.41
2020-03-29,11.02
2020-03-30,11.88
2020-03-31,13.07
2020-04-01,12.16
2020-04-02,13.09
2020-04-03,12.55
2020-04-04,10.64
2020-04-05,10.42
2020-04-06,14.39
2020-04-07,13.01
2020-04-08,11.58
2020-04-09,12.28
2020-04-10,12.27
2020-04-11,11.33
2020-04-12,9.8
2020-04-13,11.94
2020-04-14,12.3
2020-04-15,11.64
2020-04-16,15.06
2020-04-17,12.25
2020-04-18,12.7
2020-04-19,12.03
2020-04-20,13.77
2020-04-21,13.97
2020-04-22,14.19
2020-04-23,14.37
2020-04-24,13.77
2020-04-25,12.54
2020-04-26,13.44
2020-04-27,13.92
2020-04-28,13.05
2020-04-29,18.45
2020-04-30,23.83
2020-05-01,13.89
2020-05-02,11.39
2020-05-03,12.52
2020-05-04,14.98
2020-05-05,15.5
2020-05-06,17.93
2020-05-07,20.87
2020-05-08,20.58
2020-05-09,17.82
2020-05-10,30.51
2020-05-11,24.02
2020-05-12,27.07
2020-05-13,32.98
2020-05-14,41.12
2020-05-15,32
2020-05-16,25.48
2020-05-17,27.1
2020-05-18,36.51
2020-05-19,33.24
2020-05-20,36.51
2020-05-21,48.85
2020-05-22,35
2020-05-23,22.17
2020-05-24,29.04
2020-05-25,38.09
2020-05-26,37.86
2020-05-27,42.83
2020-05-28,39.75
2020-05-29,34.98
2020-05-30,33.66
2020-05-31,28.39
2020-06-01,32.38
2020-06-02,36.61
2020-06-03,29.77
2020-06-04,31.89
2020-06-05,32.26
2020-06-06,38.72
2020-06-07,40.79
2020-06-08,41.52
2020-06-09,37.27
2020-06-10,581.88
2020-06-11,709.71
2020-06-12,35.62
2020-06-13,29.38
2020-06-14,24.23
2020-06-15,43.25
2020-06-16,40.53
2020-06-17,42.03
2020-06-18,38.42
2020-06-19,39.37
2020-06-20,29.55
2020-06-21,29.94
2020-06-22,41.3
2020-06-23,45.49
2020-06-24,46.59
2020-06-25,42.58
2020-06-26,38.18
2020-06-27,36.77
2020-06-28,35.08
2020-06-29,39.55
2020-06-30,52.29
2020-07-01,47.36
2020-07-02,42.6
2020-07-03,44.74
2020-07-04,33.27
2020-07-05,31.66
2020-07-06,40.44
2020-07-07,40.91
2020-07-08,52.09
2020-07-09,47.48
2020-07-10,38.64
2020-07-11,33.74
2020-07-12,32.09
2020-07-13,50.96
2020-07-14,44.35
2020-07-15,51.59
2020-07-16,55.74
2020-07-17,58.22
2020-07-18,50.66
2020-07-19,54.61
2020-07-20,70.54
2020-07-21,75.88
2020-07-22,72.34
2020-07-23,81.53
2020-07-24,76.42
2020-07-25,82.22
2020-07-26,72.87
2020-07-27,96.65
2020-07-28,71.67
2020-07-29,74.34
2020-07-30,71.6
2020-07-31,78.9
2020-08-01,63.85
2020-08-02,79.7
2020-08-03,69.98
2020-08-04,59.81
2020-08-05,55.17
2020-08-06,60.22
2020-08-07,75.12
2020-08-08,68.31
2020-08-09,77.55
2020-08-10,118.33
2020-08-11,130.23
2020-08-12,223.69
2020-08-13,263.65
2020-08-14,214.59
2020-08-15,121.28
2020-08-16,103.41
2020-08-17,115.61
2020-08-18,132.63
2020-08-19,138.37
2020-08-20,116.49
2020-08-21,161.84
2020-08-22,107.43
2020-08-23,86.16
2020-08-24,98.94
2020-08-25,110.74
2020-08-26,93.1
2020-08-27,97.83
2020-08-28,93.09
2020-08-29,102.91
2020-08-30,211.9
2020-08-31,236.12
2020-09-01,445.94
2020-09-02,480.1
2020-09-03,391.33
2020-09-04,232.29
2020-09-05,276.61
2020-09-06,129.48
2020-09-07,112.64
2020-09-08,103.78
2020-09-09,120.49
2020-09-10,179.32
2020-09-11,147.23
2020-09-12,107.4
2020-09-13,120.53
2020-09-14,199.5
2020-09-15,186.69
2020-09-16,152.92
2020-09-17,538.01
2020-09-18,318.64
2020-09-19,174.32
2020-09-20,132.89
2020-09-21,176.91
2020-09-22,159.39
2020-09-23,128.84
2020-09-24,109.21
2020-09-25,102.67
2020-09-26,83.51
2020-09-27,86.03
2020-09-28,121.96
2020-09-29,153.89
2020-09-30,119.86
2020-10-01,100.69
2020-10-02,93.81
2020-10-03,79.72
2020-10-04,83
2020-10-05,90.7
2020-10-06,109.23
2020-10-07,85.97
2020-10-08,87.11
2020-10-09,80.39
2020-10-10,64.2
2020-10-11,49.65
2020-10-12,76.06
2020-10-13,75.08
2020-10-14,75.64
2020-10-15,74.18
2020-10-16,63.07
2020-10-17,36.29
2020-10-18,40.18
2020-10-19,56.87
2020-10-20,61.94
2020-10-21,74.18
2020-10-22,63.31
2020-10-23,58.48
2020-10-24,32.2
2020-10-25,33.05
2020-10-26,55.96
2020-10-27,43.44
2020-10-28,64.55
2020-10-29,68.64
2020-10-30,63.34
2020-10-31,40.82
2020-11-01,33.96
2020-11-02,59.56
2020-11-03,44.99
2020-11-04,36.93
2020-11-05,50.35
2020-11-06,59.74
2020-11-07,55.7
2020-11-08,29.27
2020-11-09,43.04
2020-11-10,50.07
2020-11-11,52.47
2020-11-12,58.43
2020-11-13,54.83
2020-11-14,34.54
2020-11-15,34.54
2020-11-16,47.99
2020-11-17,74.87
2020-11-18,80.39
2020-11-19,46.78
2020-11-20,68.36
2020-11-21,66.37
2020-11-22,62.7
2020-11-23,76.58
2020-11-24,93.65
2020-11-25,61.06
2020-11-26,142.52
2020-11-27,45.17
2020-11-28,34.99
2020-11-29,30.78
2020-11-30,78.98
2020-12-01,87.21
2020-12-02,44.02
2020-12-03,47.05
2020-12-04,54.13
2020-12-05,37.25
2020-12-06,36.46
2020-12-07,50.12
2020-12-08,64.45
2020-12-09,65.32
2020-12-10,56.23
2020-12-11,63.67
2020-12-12,42.79
2020-12-13,45.5
2020-12-14,63.66
2020-12-15,84.56
2020-12-16,83.6
2020-12-17,138.82
2020-12-18,74.2
2020-12-19,70.17
2020-12-20,44.53
2020-12-21,80
2020-12-22,66.56
2020-12-23,108.36
2020-12-24,89.68
2020-12-25,91.7
2020-12-26,66.46
2020-12-27,98.66
2020-12-28,114.19
2020-12-29,96.07
2020-12-30,113.63
2020-12-31,99.48
2021-01-01,66.56
2021-01-02,102.61
2021-01-03,170.45
2021-01-04,259.31
2021-01-05,138.14
2021-01-06,125.11
2021-01-07,133.17
2021-01-08,139.79
2021-01-09,92.56
2021-01-10,87.31
2021-01-11,238.08
2021-01-12,87.03
2021-01-13,67.95
2021-01-14,85.48
2021-01-15,94.27
2021-01-16,81.16
2021-01-17,63.9
2021-01-18,75.29
2021-01-19,100.88
2021-01-20,83.5
2021-01-21,121.06
2021-01-22,131.62
2021-01-23,80.18
2021-01-24,81.09
2021-01-25,108.17
2021-01-26,85.15
2021-01-27,100
2021-01-28,94.81
2021-01-29,140.72
2021-01-30,113.28
2021-01-31,128.79
2021-02-01,153.67
2021-02-02,175.73
2021-02-03,173.45
2021-02-04,232.62
2021-02-05,252.33
2021-02-06,179.64
2021-02-07,160.07
2021-02-08,212.88
2021-02-09,233.57
2021-02-10,213.09
2021-02-11,175.21
2021-02-12,180.07
2021-02-13,188.81
2021-02-14,150.41
2021-02-15,178.71
2021-02-16,173.04
2021-02-17,173.35
2021-02-18,183.09
2021-02-19,186.19
2021-02-20,201.54
2021-02-21,144.97
2021-02-22,272.68
2021-02-23,373.8
2021-02-24,210.13
2021-02-25,165.09
2021-02-26,158.44
2021-02-27,118.47
2021-02-28,117.85
2021-03-01,118.6
2021-03-02,124.94
2021-03-03,130.99
2021-03-04,112.79
2021-03-05,137.79
2021-03-06,99.2
2021-03-07,132.47
2021-03-08,137.16
2021-03-09,140.39
2021-03-10,134.14
2021-03-11,132.25
2021-03-12,171.78
2021-03-13,162.67
2021-03-14,149.07
2021-03-15,189.46
2021-03-16,188.7
2021-03-17,193.8
2021-03-18,177.58
2021-03-19,158.8
2021-03-20,141.12
2021-03-21,138.09
2021-03-22,187.5
2021-03-23,163.88
2021-03-24,176.58
2021-03-25,179.09
2021-03-26,145.29
2021-03-27,118.83
2021-03-28,124.09
2021-03-29,150.49
2021-03-30,167.32
2021-03-31,210.89
2021-04-01,191.87
2021-04-02,186.23
2021-04-03,146.06
2021-04-04,112.04
2021-04-05,148.8
2021-04-06,153.27
2021-04-07,153.65
2021-04-08,124.44
2021-04-09,118.85
2021-04-10,98.45
2021-04-11,85.23
2021-04-12,109.28
2021-04-13,120.27
2021-04-14,137.76
2021-04-15,105.01
2021-04-16,183.8
2021-04-17,144.97
2021-04-18,170.18
2021-04-19,195.8
2021-04-20,265.51
2021-04-21,166.33
2021-04-22,140.02
2021-04-23,124.22
2021-04-24,67.65
2021-04-25,55.42
2021-04-26,62.69
2021-04-27,66.94
2021-04-28,79.19
2021-04-29,71.84
2021-04-30,56.78
2021-05-01,59.68
2021-05-02,43.1
2021-05-03,66.9
2021-05-04,69.1
2021-05-05,59.39
2021-05-06,65.94
2021-05-07,68.35
2021-05-08,139.81
2021-05-09,130.67
2021-05-10,238.39
2021-05-11,298.77
2021-05-12,281.83
2021-05-13,170.57
2021-05-14,128.8
2021-05-15,93.12
2021-05-16,81.3
2021-05-17,95.49
2021-05-18,88.03
2021-05-19,298.78
2021-05-20,126.96
2021-05-21,114.6
2021-05-22,56.33
2021-05-23,143.67
2021-05-24,68.47
2021-05-25,51.92
2021-05-26,50.15
2021-05-27,39.44
2021-05-28,40.89
2021-05-29,32.98
2021-05-30,28.08
2021-05-31,32.28
2021-06-01,29.75
2021-06-02,32.35
2021-06-03,33.57
2021-06-04,28.92
2021-06-05,22.23
2021-06-06,19.36
2021-06-07,24.53
2021-06-08,32.5
2021-06-09,27.69
2021-06-10,23.9
2021-06-11,25.83
2021-06-12,23.19
2021-06-13,17.51
2021-06-14,22.66
2021-06-15,23.08
2021-06-16,22.74
2021-06-17,24.81
2021-06-18,24.27
2021-06-19,18.58
2021-06-20,20.78
2021-06-21,46.59
2021-06-22,73.16
2021-06-23,25.29
2021-06-24,22.09
2021-06-25,28.01
2021-06-26,18.76
2021-06-27,25.65
2021-06-28,23.71
2021-06-29,26.27
2021-06-30,32
2021-07-01,25.13
2021-07-02,20.72
2021-07-03,18.84
2021-07-04,16.41
2021-07-05,20.32
2021-07-06,54.87
2021-07-07,40.37
2021-07-08,37.48
2021-07-09,30.27
2021-07-10,18.99
2021-07-11,15.8
2021-07-12,30.41
2021-07-13,32.45
2021-07-14,45.97
2021-07-15,45.2
2021-07-16,42.03
2021-07-17,29.98
2021-07-18,30.5
2021-07-19,30.44
2021-07-20,35.42
2021-07-21,27.17
2021-07-22,33.18
2021-07-23,35.45
2021-07-24,24.9
2021-07-25,23.44
2021-07-26,42.02
2021-07-27,40.66
2021-07-28,46.7
2021-07-29,34.33
2021-07-30,39.49
2021-07-31,44.29
2021-08-01,39.57
2021-08-02,44.4
2021-08-03,48.97
2021-08-04,45.77
2021-08-05,64.5
2021-08-06,54.1
2021-08-07,53.82
2021-08-08,50.74
2021-08-09,62.25
2021-08-10,65.22
2021-08-11,67.3
2021-08-12,58.92
2021-08-13,62.92
2021-08-14,53.62
2021-08-15,62.55
2021-08-16,61.23
2021-08-17,57.14
2021-08-18,53.67
2021-08-19,51.75
2021-08-20,48.4
2021-08-21,40.4
2021-08-22,40.82
2021-08-23,67.8
2021-08-24,86.8
2021-08-25,102.28
2021-08-26,97.98
2021-08-27,121.23
2021-08-28,89.48
2021-08-29,100.69
2021-08-30,114.34
2021-08-31,121.47
2021-09-01,136.21
2021-09-02,117.15
2021-09-03,159.34
2021-09-04,127.15
2021-09-05,116.33
2021-09-06,124.07
2021-09-07,214
2021-09-08,156.64
2021-09-09,151.69
2021-09-10,107.41
2021-09-11,70.55
2021-09-12,66.3
2021-09-13,106.66
2021-09-14,74.48
2021-09-15,75.05
2021-09-16,89.06
2021-09-17,80.83
2021-09-18,57.96
2021-09-19,65.2
2021-09-20,93.63
2021-09-21,106.5
2021-09-22,73.92
2021-09-23,91.23
2021-09-24,78.53
2021-09-25,50.96
2021-09-26,71.25
2021-09-27,138.46
2021-09-28,95.01
2021-09-29,83.69
2021-09-30,107.08
2021-10-01,93.36
2021-10-02,68.63
2021-10-03,65.82
2021-10-04,105.76
2021-10-05,130.5
2021-10-06,150.03
2021-10-07,151.98
2021-10-08,126.37
2021-10-09,84.65
2021-10-10,86.18
2021-10-11,114.27
2021-10-12,97.93
2021-10-13,108.52
2021-10-14,138.99
2021-10-15,152.67
2021-10-16,90.97
2021-10-17,80.52
2021-10-18,113.41
2021-10-19,79.6
2021-10-20,87.25
2021-10-21,100.28
2021-10-22,91.86
2021-10-23,71.61
2021-10-24,80.11
2021-10-25,104.41
2021-10-26,131.87
2021-10-27,177.19
2021-10-28,198.03
2021-10-29,183.86
2021-10-30,171.25
2021-10-31,157.06
2021-11-01,166.95
2021-11-02,184.01
2021-11-03,170.82
2021-11-04,153.5
2021-11-05,141.36
2021-11-06,118.06
2021-11-07,104.34
2021-11-08,133.38
2021-11-09,181.38
2021-11-10,173.9
2021-11-11,167.06
2021-11-12,154.77
2021-11-13,136.56
2021-11-14,118.46
2021-11-15,159.57
2021-11-16,150.73
2021-11-17,137.44
2021-11-18,149.6
2021-11-19,127.11
2021-11-20,109.74
2021-11-21,112.07
2021-11-22,151.88
2021-11-23,140.45
2021-11-24,136.33
2021-11-25,129.48
2021-11-26,120.3
2021-11-27,126.86
2021-11-28,119.12
2021-11-29,128.93
2021-11-30,142.42
2021-12-01,144.59
2021-12-02,119.05
2021-12-03,114.44
2021-12-04,155.78
2021-12-05,109.9
2021-12-06,112.82
2021-12-07,98.73
2021-12-08,85.59
2021-12-09,88.23
2021-12-10,89.03
2021-12-11,78.35
2021-12-12,65.95
2021-12-13,88.68
2021-12-14,83.57
2021-12-15,92.33
2021-12-16,101.52
2021-12-17,113.25
2021-12-18,68.56
2021-12-19,62.06
2021-12-20,71.51
2021-12-21,71.13
2021-12-22,81.72
2021-12-23,90.02
2021-12-24,75.73
2021-12-25,73.52
2021-12-26,58.59
2021-12-27,82.34
2021-12-28,106.49
2021-12-29,127.73
2021-12-30,114.74
2021-12-31,97.14
2022-01-01,81.36
2022-01-02,100.59
2022-01-03,107.82
2022-01-04,133.17
2022-01-05,149.29
2022-01-06,137.79
2022-01-07,153.39
2022-01-08,121.24
2022-01-09,157.99
2022-01-10,218.55
2022-01-11,184.66
2022-01-12,195
2022-01-13,166.67
2022-01-14,191.21
2022-01-15,139.01
2022-01-16,132.86
2022-01-17,154.22
2022-01-18,124.37
2022-01-19,132.19
2022-01-20,147.95
2022-01-21,185.59
2022-01-22,165.35
2022-01-23,125.48
2022-01-24,142.05
2022-01-25,146.78
2022-01-26,144.65
2022-01-27,154.95
2022-01-28,140.46
2022-01-29,119.87
2022-01-30,134.34
2022-01-31,122.79
2022-02-01,155.36
2022-02-02,158.62
2022-02-03,122.79
2022-02-04,109.34
2022-02-05,110.65
2022-02-06,76.76
2022-02-07,119.52
2022-02-08,92.78
2022-02-09,97.13
2022-02-10,118.79
2022-02-11,77.83
2022-02-12,68.85
2022-02-13,59.46
2022-02-14,65.88
2022-02-15,80.87
2022-02-16,85.65
2022-02-17,77.36
2022-02-18,99.67
2022-02-19,78.33
2022-02-20,71.64
2022-02-21,93.45
2022-02-22,88.86
2022-02-23,96.96
2022-02-24,91.59
2022-02-25,68.35
2022-02-26,55.69
2022-02-27,46.81
2022-02-28,74.18
2022-03-01,61.81
2022-03-02,57.23
2022-03-03,51.82
2022-03-04,50.03
2022-03-05,39.11
2022-03-06,51.79
2022-03-07,44.75
2022-03-08,49.33
2022-03-09,40.82
2022-03-10,36.48
2022-03-11,35.33
2022-03-12,26.29
2022-03-13,41.62
2022-03-14,35.17
2022-03-15,40.48
2022-03-16,43.77
2022-03-17,77.11
2022-03-18,72.59
2022-03-19,33.68
2022-03-20,29.28
2022-03-21,37.36
2022-03-22,46.98
2022-03-23,40.6
2022-03-24,53.36
2022-03-25,48.97
2022-03-26,34.69
2022-03-27,55.42
2022-03-28,82.45
2022-03-29,50.44
2022-03-30,56.31
2022-03-31,55.28
2022-04-01,68.58
2022-04-02,62.41
2022-04-03,55.07
2022-04-04,68.72
2022-04-05,96.82
2022-04-06,62.79
2022-04-07,75.35
2022-04-08,59.58
2022-04-09,38.31
2022-04-10,47.81
2022-04-11,49.65
2022-04-12,50.43
2022-04-13,50.93
2022-04-14,53.37
2022-04-15,43.14
2022-04-16,38.6
2022-04-17,32.93
2022-04-18,40.28
2022-04-19,44.42
2022-04-20,71.91
2022-04-21,65.08
2022-04-22,61.13
2022-04-23,35.93
2022-04-24,35.95
2022-04-25,57.8
2022-04-26,50.69
2022-04-27,57.66
2022-04-28,57.14
2022-04-29,54.69
2022-04-30,52.55
2022-05-01,474.57
2022-05-02,72.04
2022-05-03,64.11
2022-05-04,53.08
2022-05-05,68.69
2022-05-06,55.17
2022-05-07,35.19
2022-05-08,29.48
2022-05-09,66.65
2022-05-10,61.54
2022-05-11,147.32
2022-05-12,213.7
2022-05-13,80.81
2022-05-14,40.87
2022-05-15,27.95
2022-05-16,28.8
2022-05-17,37.83
2022-05-18,30.75
2022-05-19,30.46
2022-05-20,32.78
2022-05-21,26.24
2022-05-22,25.66
2022-05-23,29.54
2022-05-24,32.96
2022-05-25,38.51
2022-05-26,51.38
2022-05-27,45.55
2022-05-28,23.6
2022-05-29,24.16
2022-05-30,37.96
2022-05-31,56.55
2022-06-01,60.06
2022-06-02,64.71
2022-06-03,64.57
2022-06-04,62.97
2022-06-05,59.37
2022-06-06,57.52
2022-06-07,61.93
2022-06-08,75.58
2022-06-09,76.1
2022-06-10,59.14
2022-06-11,41.38
2022-06-12,38.72
2022-06-13,95.86
2022-06-14,66.78
2022-06-15,72.23
2022-06-16,45.18
2022-06-17,45.6
2022-06-18,55.86
2022-06-19,32.65
2022-06-20,31.38
2022-06-21,43.46
2022-06-22,39.68
2022-06-23,55.29
2022-06-24,47.63
2022-06-25,39.06
2022-06-26,40.52
2022-06-27,54.1
2022-06-28,50.4
2022-06-29,63.29
2022-06-30,56.51
2022-07-01,35.55
2022-07-02,19.37
2022-07-03,21.18
2022-07-04,26.86
2022-07-05,33.13
2022-07-06,34.03
2022-07-07,40.76
2022-07-08,30.26
2022-07-09,29.51
2022-07-10,21.04
2022-07-11,32.31
2022-07-12,27.74
2022-07-13,34.35
2022-07-14,36.73
2022-07-15,34.77
2022-07-16,26.05
2022-07-17,24.91
2022-07-18,35.14
2022-07-19,35.59
2022-07-20,34.13
2022-07-21,24.47
2022-07-22,19.1
2022-07-23,15.79
2022-07-24,13.69
2022-07-25,23.75
2022-07-26,27.64
2022-07-27,23.57
2022-07-28,27.01
2022-07-29,19.42
2022-07-30,12.28
2022-07-31,11.54
2022-08-01,23.58
2022-08-02,17.45
2022-08-03,15.73
2022-08-04,17.1
2022-08-05,17.14
2022-08-06,11.79
2022-08-07,12.46
2022-08-08,20.89
2022-08-09,22.44
2022-08-10,32.79
2022-08-11,26.96
2022-08-12,20.74
2022-08-13,13.44
2022-08-14,14.34
2022-08-15,25.49
2022-08-16,15.52
2022-08-17,15.84
2022-08-18,15.53
2022-08-19,21.37
2022-08-20,14.31
2022-08-21,10.78
2022-08-22,18.07
2022-08-23,16.51
2022-08-24,15.7
2022-08-25,20.9
2022-08-26,18.11
2022-08-27,11.73
2022-08-28,11.33
2022-08-29,19.47
2022-08-30,23.71
2022-08-31,26.14
2022-09-01,23.61
2022-09-02,17.1
2022-09-03,10.16
2022-09-04,11.43
2022-09-05,14.62
2022-09-06,19.27
2022-09-07,24.17
2022-09-08,27.02
2022-09-09,25.47
2022-09-10,15.15
2022-09-11,13.28
2022-09-12,21.39
2022-09-13,23.61
2022-09-14,17.08
2022-09-15,23.1
2022-09-16,13.92
2022-09-17,8.871
2022-09-18,11.78
2022-09-19,14.41
2022-09-20,15.55
2022-09-21,18.64
2022-09-22,14.2
2022-09-23,13.06
2022-09-24,9.076
2022-09-25,10.96
2022-09-26,16.54
2022-09-27,22.61
2022-09-28,19.76
2022-09-29,18.79
2022-09-30,18.85
2022-10-01,11.42
2022-10-02,8.483
2022-10-03,17.72
2022-10-04,17.62
2022-10-05,20.51
2022-10-06,15.62
2022-10-07,13.49
2022-10-08,20.62
2022-10-09,31.29
2022-10-10,37.58
2022-10-11,29.33
2022-10-12,22.28
2022-10-13,27.49
2022-10-14,20.98
2022-10-15,19.68
2022-10-16,17.82
2022-10-17,27.65
2022-10-18,29.22
2022-10-19,33.13
2022-10-20,35.37
2022-10-21,34.34
2022-10-22,21.91
2022-10-23,17.54
2022-10-24,23.55
2022-10-25,25.76
2022-10-26,23.44
2022-10-27,19.87
2022-10-28,20.19
2022-10-29,16.85
2022-10-30,11.95
2022-10-31,23.93
2022-11-01,18.52
2022-11-02,21.23
2022-11-03,33.66
2022-11-04,23.53
2022-11-05,15.61
2022-11-06,15.6
2022-11-07,22.12
2022-11-08,56.99
2022-11-09,61.05
2022-11-10,43.17
2022-11-11,29.64
2022-11-12,20.45
2022-11-13,20.23
2022-11-14,24.19
2022-11-15,23.9
2022-11-16,21.84
2022-11-17,23.17
2022-11-18,18.79
2022-11-19,16.21
2022-11-20,16.27
2022-11-21,17.63
2022-11-22,19.35
2022-11-23,16.84
2022-11-24,15.76
2022-11-25,14.24
2022-11-26,13.58
2022-11-27,13.38
2022-11-28,17.83
2022-11-29,14.87
2022-11-30,16.57
2022-12-01,16.79
2022-12-02,15.94
2022-12-03,14.84
2022-12-04,14.34
2022-12-05,17.8
2022-12-06,18.9
2022-12-07,21.69
2022-12-08,19.29
2022-12-09,42.48
2022-12-10,19.15
2022-12-11,21.17
2022-12-12,20.84
2022-12-13,22.37
2022-12-14,19.71
2022-12-15,21.17
2022-12-16,22.8
2022-12-17,17.19
2022-12-18,16.86
2022-12-19,17.9
2022-12-20,19.84
2022-12-21,19.61
2022-12-22,18.21
2022-12-23,16.61
2022-12-24,13.95
2022-12-25,13.67
2022-12-26,14.72
2022-12-27,18.56
2022-12-28,19.63
2022-12-29,20.06
2022-12-30,20.56
2022-12-31,19.59
2023-01-01,18.04
2023-01-02,20.59
2023-01-03,22.27
2023-01-04,29.51
2023-01-05,25.71
2023-01-06,24.52
2023-01-07,18.72
2023-01-08,22.17
2023-01-09,26.54
2023-01-10,24.83
2023-01-11,25.47
2023-01-12,25.4
2023-01-13,29.48
2023-01-14,27.99
2023-01-15,23.74
2023-01-16,27.89
2023-01-17,26.89
2023-01-18,33.56
2023-01-19,24.75
2023-01-20,25.72
2023-01-21,21.07
2023-01-22,19.31
2023-01-23,23.12
2023-01-24,30.75
2023-01-25,25.83
2023-01-26,26.21
2023-01-27,25.38
2023-01-28,18.81
2023-01-29,23.14
2023-01-30,21.83
2023-01-31,30.25
2023-02-01,30.95
2023-02-02,32.39
2023-02-03,33.69
2023-02-04,26.32
2023-02-05,23.79
2023-02-06,28.48
2023-02-07,36.82
2023-02-08,38.66
2023-02-09,40.35
2023-02-10,29.37
2023-02-11,21.42
2023-02-12,21.07
2023-02-13,29.6
2023-02-14,64.06
2023-02-15,42.44
2023-02-16,44.45
2023-02-17,40.14
2023-02-18,30.63
2023-02-19,29.67
2023-02-20,37.17
2023-02-21,37.35
2023-02-22,40.87
2023-02-23,42.64
2023-02-24,34.96
2023-02-25,24.66
2023-02-26,24.31
2023-02-27,27.33
2023-02-28,29.02
2023-03-01,35.83
2023-03-02,33.61
2023-03-03,34.76
2023-03-04,27.05
2023-03-05,29.31
2023-03-06,37.98
2023-03-07,37.76
2023-03-08,37.32
2023-03-09,40.55
2023-03-10,36.92
2023-03-11,101.26
2023-03-12,30.9
2023-03-13,39.89
2023-03-14,36.15
2023-03-15,32.87
2023-03-16,29.15
2023-03-17,28.88
2023-03-18,21.37
2023-03-19,22.36
2023-03-20,24.99
2023-03-21,22.84
2023-03-22,23.67
2023-03-23,27.1
2023-03-24,26.62
2023-03-25,20.36
2023-03-26,22.16
2023-03-27,32.61
2023-03-28,33.3
2023-03-29,34.6
2023-03-30,37.4
2023-03-31,31.44
2023-04-01,24.74
2023-04-02,23.68
2023-04-03,33.29
2023-04-04,34.82
2023-04-05,38.41
2023-04-06,33.04
2023-04-07,27.94
2023-04-08,25.17
2023-04-09,24.1
2023-04-10,28.42
2023-04-11,33.68
2023-04-12,26.82
2023-04-13,35.56
2023-04-14,33.95
2023-04-15,27.1
2023-04-16,30.47
2023-04-17,39.51
2023-04-18,60.82
2023-04-19,81.94
2023-04-20,76.59
2023-04-21,46.37
2023-04-22,43.83
2023-04-23,48.45
2023-04-24,51.48
2023-04-25,44.42
2023-04-26,46.89
2023-04-27,43.42
2023-04-28,43.63
2023-04-29,41.25
2023-04-30,50.58
2023-05-01,77.13
2023-05-02,95.05
2023-05-03,83.76
2023-05-04,86.49
2023-05-05,155.84
2023-05-06,150.69
2023-05-07,125.19
2023-05-08,122.49
2023-05-09,103.19
2023-05-10,108.13
2023-05-11,113.38
2023-05-12,77.85
2023-05-13,49.68
2023-05-14,48.38
2023-05-15,68.04
2023-05-16,64.37
2023-05-17,60.51
2023-05-18,61.43
2023-05-19,53.95
2023-05-20,38.59
2023-05-21,40.75
2023-05-22,54.74
2023-05-23,61.47
2023-05-24,51.26
2023-05-25,47.96
2023-05-26,38.3
2023-05-27,30.86
2023-05-28,35.3
2023-05-29,43.75
2023-05-30,52.79
2023-05-31,45.64
2023-06-01,46.43
2023-06-02,37.54
2023-06-03,29.19
2023-06-04,26.54
2023-06-05,42.77
2023-06-06,32.44
2023-06-07,28.58
2023-06-08,29.88
2023-06-09,27.11
2023-06-10,29.35
2023-06-11,22.46
2023-06-12,22.16
2023-06-13,21.16
2023-06-14,26.85
2023-06-15,23.77
2023-06-16,25.51
2023-06-17,22.78
2023-06-18,19.26
2023-06-19,23.8
2023-06-20,23.49
2023-06-21,25.91
2023-06-22,21.75
2023-06-23,24.16
2023-06-24,19.46
2023-06-25,16.58
2023-06-26,18.36
2023-06-27,23.75
2023-06-28,25.02
2023-06-29,38.65
2023-06-30,34.62
2023-07-01,21.91
2023-07-02,18.91
2023-07-03,25.57
2023-07-04,29.85
2023-07-05,57.57
2023-07-06,43.88
2023-07-07,37.1
2023-07-08,23.4
2023-07-09,22.28
2023-07-10,26.74
2023-07-11,26.46
2023-07-12,32.32
2023-07-13,38.62
2023-07-14,28.94
2023-07-15,18.22
2023-07-16,20.79
2023-07-17,26.92
2023-07-18,35.48
2023-07-19,31.91
2023-07-20,32.01
2023-07-21,33.37
2023-07-22,23.55
2023-07-23,25.07
2023-07-24,38.56
2023-07-25,36
2023-07-26,31.66
2023-07-27,36.95
2023-07-28,42.61
2023-07-29,25.94
2023-07-30,23.61
2023-07-31,27.66
2023-08-01,27.19
2023-08-02,29.18
2023-08-03,27.01
2023-08-04,23.31
2023-08-05,20.08
2023-08-06,18.49
2023-08-07,28.31
2023-08-08,28.85
2023-08-09,26.01
2023-08-10,26.85
2023-08-11,22.81
2023-08-12,18
2023-08-13,18.08
2023-08-14,25.99
2023-08-15,30.46
2023-08-16,35.79
2023-08-17,43.35
2023-08-18,29.14
2023-08-19,18.05
2023-08-20,19.06
2023-08-21,27.43
2023-08-22,36.04
2023-08-23,26.63
2023-08-24,23.91
2023-08-25,27.73
2023-08-26,16.16
2023-08-27,16.16
2023-08-28,32.09
2023-08-29,37.97
2023-08-30,26.99
2023-08-31,26.02
2023-09-01,21.95
2023-09-02,15.38
2023-09-03,15.19
2023-09-04,19.99
2023-09-05,21.91
2023-09-06,23.36
2023-09-07,22.79
2023-09-08,21.68
2023-09-09,14.21
2023-09-10,13.22
2023-09-11,26.63
2023-09-12,19.96
2023-09-13,23.83
2023-09-14,22.54
2023-09-15,20.74
2023-09-16,13.8
2023-09-17,12.18
2023-09-18,20.75
2023-09-19,16.49
2023-09-20,18.47
2023-09-21,38.88
2023-09-22,13.02
2023-09-23,10.83
2023-09-24,10.39
2023-09-25,16.69
2023-09-26,19.27
2023-09-27,15.25
2023-09-28,14.81
2023-09-29,13.04
2023-09-30,11.22
2023-10-01,10.83
2023-10-02,22.8
2023-10-03,15.05
2023-10-04,12.74
2023-10-05,12.19
2023-10-06,11.12
2023-10-07,9.226
2023-10-08,8.804
2023-10-09,11.29
2023-10-10,10.42
2023-10-11,10.81
2023-10-12,11.57
2023-10-13,11.61
2023-10-14,7.941
2023-10-15,8.6
2023-10-16,14.85
2023-10-17,12.34
2023-10-18,12.82
2023-10-19,13.18
2023-10-20,16.98
2023-10-21,11.31
2023-10-22,11.48
2023-10-23,25.9
2023-10-24,31.36
2023-10-25,29.65
2023-10-26,28.96
2023-10-27,22.92
2023-10-28,17.66
2023-10-29,18.11
2023-10-30,27.25
2023-10-31,29.03
2023-11-01,30.5
2023-11-02,30.07
2023-11-03,26.83
2023-11-04,20.08
2023-11-05,23.09
2023-11-06,34.96
2023-11-07,31.76
2023-11-08,36.84
2023-11-09,57.1
2023-11-10,44.57
2023-11-11,33.77
2023-11-12,32.89
2023-11-13,54.34
2023-11-14,42.77
2023-11-15,39.41
2023-11-16,39.56
2023-11-17,32.58
2023-11-18,27.28
2023-11-19,24.84
2023-11-20,45.13
2023-11-21,45.64
2023-11-22,45.16
2023-11-23,37.34
2023-11-24,33.26
2023-11-25,26.14
2023-11-26,28.53
2023-11-27,37.58
2023-11-28,46.07
2023-11-29,42.54
2023-11-30,51.29
2023-12-01,47.9
2023-12-02,39.05
2023-12-03,37.56
2023-12-04,52.28
2023-12-05,62.25
2023-12-06,61.93
2023-12-07,55.54
2023-12-08,47.39
2023-12-09,38.3
2023-12-10,38.09
2023-12-11,41.51
2023-12-12,50.12
2023-12-13,53.1
2023-12-14,50.49
2023-12-15,62.41
2023-12-16,56.14
2023-12-17,43.04
2023-12-18,65.14
2023-12-19,59.46
2023-12-20,59.9
2023-12-21,44.68
2023-12-22,37.78
2023-12-23,25.84
2023-12-24,25.76
2023-12-25,26.05
2023-12-26,22.21
2023-12-27,31.48
2023-12-28,34.07
2023-12-29,28.03
2023-12-30,22.9
2023-12-31,17.38
2024-01-01,14.91
2024-01-02,22.28
2024-01-03,39.99
2024-01-04,26.1
2024-01-05,22.82
2024-01-06,20.33
2024-01-07,32.54
2024-01-08,27.44
2024-01-09,24.8
2024-01-10,41.56
2024-01-11,35.4
2024-01-12,27.78
2024-01-13,19.99
2024-01-14,38.79
2024-01-15,26.16
2024-01-16,36.89
2024-01-17,40.1
2024-01-18,37.67
2024-01-19,33.27
2024-01-20,19.31
2024-01-21,16.36
2024-01-22,21.82
2024-01-23,18.59
2024-01-24,15.45
2024-01-25,28.88
2024-01-26,22.57
2024-01-27,15.31
2024-01-28,14.59
2024-01-29,16.81
2024-01-30,31.88
2024-01-31,29.2
2024-02-01,31.39
2024-02-02,24.5
2024-02-03,22.51
2024-02-04,18.51
2024-02-05,22.34
2024-02-06,37.66
2024-02-07,43.07
2024-02-08,60.79
2024-02-09,71.42
2024-02-10,38.67
2024-02-11,30.47
2024-02-12,43.87
2024-02-13,34.49
2024-02-14,30.06
2024-02-15,39.17
2024-02-16,30.84
2024-02-17,22.61
2024-02-18,25.48
2024-02-19,37.55
2024-02-20,41.43
2024-02-21,43.66
2024-02-22,51.38
2024-02-23,44.87
2024-02-24,30.79
2024-02-25,31.69
2024-02-26,44.05
2024-02-27,52.08
2024-02-28,65.49
2024-02-29,74.11
2024-03-01,58.41
2024-03-02,52.44
2024-03-03,54.77
2024-03-04,86.44
2024-03-05,98.68
2024-03-06,83.46
2024-03-07,74.42
2024-03-08,66.05
2024-03-09,59.06
2024-03-10,63.68
2024-03-11,72.31
2024-03-12,64.39
2024-03-13,64.57
2024-03-14,56.89
2024-03-15,45.74
2024-03-16,37.41
2024-03-17,32.28
2024-03-18,40.44
2024-03-19,44.98
2024-03-20,38.89
2024-03-21,33.97
2024-03-22,27.91
2024-03-23,21.39
2024-03-24,21.24
2024-03-25,29.62
2024-03-26,34.98
2024-03-27,39.82
2024-03-28,37.89
2024-03-29,29.08
2024-03-30,25.03
2024-03-31,23.76