,ds,yhat,yhat_lower,yhat_upper,y,cutoff
0,2021-04-23,151.5250610834894,95.21784531366713,210.1127850172479,124.22,2021-04-22
1,2021-04-24,150.53442816013393,93.0150628031329,207.7889428777915,67.65,2021-04-23
2,2021-04-25,145.46388073152062,90.92446681389302,201.10240916211572,55.42,2021-04-24
3,2021-04-26,151.83489249058738,95.83683846156156,211.83079634370958,62.69,2021-04-25
4,2021-04-27,151.6079543744962,95.9774765271896,207.53683493294102,66.94,2021-04-26
5,2021-04-28,151.43724918498603,95.33670797019796,209.3279021379919,79.19,2021-04-27
6,2021-04-29,154.59215757540983,98.70423296483183,212.3498839878224,71.84,2021-04-28
7,2021-04-30,148.0200116825078,93.65121732618883,202.5455916385647,56.78,2021-04-29
8,2021-05-01,143.12345886607358,86.00376988270222,201.42692090180321,59.68,2021-04-30
9,2021-05-02,139.41700694199378,86.52750928957006,199.71837456423094,43.1,2021-05-01
10,2021-05-03,144.19131378403333,90.32452915073642,199.54210765374222,66.9,2021-05-02
11,2021-05-04,143.43586089598074,86.51163810757643,203.38623775828628,69.1,2021-05-03
12,2021-05-05,143.3461813511944,85.63394309007158,198.98853432311438,59.39,2021-05-04
13,2021-05-06,144.85543566220127,85.81582014549467,205.54469732720543,65.94,2021-05-05
14,2021-05-07,139.73089725225844,88.05623754978318,200.7889762001108,68.35,2021-05-06
15,2021-05-08,134.2183292857649,76.73092745536452,193.4181252489533,139.81,2021-05-07
16,2021-05-09,132.25978547057653,77.483184216163,189.27905784182346,130.67,2021-05-08
17,2021-05-10,137.92991614831607,80.09840744969422,195.92313672347166,238.39,2021-05-09
18,2021-05-11,141.60846318835036,82.63262751812921,198.39432253843214,298.77,2021-05-10
19,2021-05-12,147.33077982814572,86.69983366124633,206.5449985148023,281.83,2021-05-11
20,2021-05-13,153.7721985331735,94.51033884797975,212.4306988253327,170.57,2021-05-12
21,2021-05-14,149.85398661066463,87.67836003390228,209.4078624562334,128.8,2021-05-13
22,2021-05-15,146.49025846300728,92.11205049795616,198.69541675539608,93.12,2021-05-14
23,2021-05-16,144.57542178296967,86.92697077960624,200.34445369379478,81.3,2021-05-15
24,2021-05-17,150.54197536870143,91.97475998182307,208.7149642578095,95.49,2021-05-16
25,2021-05-18,151.03215816200125,91.74305791456024,207.96943801201647,88.03,2021-05-17
26,2021-05-19,153.89537304781663,95.21477278776945,208.8457561925468,298.78,2021-05-18
27,2021-05-20,160.63197913912242,104.38456720370502,218.68856241369852,126.96,2021-05-19
28,2021-05-21,155.7077316900985,99.56966330507026,215.18615867029345,114.6,2021-05-20
29,2021-05-22,152.50779196884366,94.15581442604655,210.62225117882926,56.33,2021-05-21
30,2021-05-23,149.5978344241192,89.68276938070744,204.54450914947844,143.67,2021-05-22
31,2021-05-24,157.1017502251866,96.44048206602231,214.26777193141226,68.47,2021-05-23
32,2021-05-25,158.18291645718728,98.54846983782014,214.29202601802018,51.92,2021-05-24
33,2021-05-26,159.48340503342718,100.15531829306626,218.87079002757721,50.15,2021-05-25
34,2021-05-27,161.14652332327879,101.2701176244348,222.55233463404872,39.44,2021-05-26
35,2021-05-28,155.58733294544638,97.7497706696616,216.96256235112642,40.89,2021-05-27
36,2021-05-29,150.32286285986788,91.44824766716981,208.27752080887137,32.98,2021-05-28
37,2021-05-30,147.21862162552662,86.83941836520803,208.02908228517063,28.08,2021-05-29
38,2021-05-31,151.7942178004799,92.33937968531667,209.62920602338744,32.28,2021-05-30
39,2021-06-01,151.35056377725866,90.58887535981685,212.6596478872316,29.75,2021-05-31
40,2021-06-02,152.60950938595343,92.30965236713435,212.63736657192038,32.35,2021-06-01
41,2021-06-03,153.60625267759195,94.17520391599517,213.95870671643192,33.57,2021-06-02
42,2021-06-04,147.65592651179378,86.60287368077067,209.09630391267183,28.92,2021-06-03
43,2021-06-05,142.7971860702746,82.49070823143117,202.90468015349674,22.23,2021-06-04
44,2021-06-06,139.09353813672635,77.59803385715502,197.46601123252785,19.36,2021-06-05
45,2021-06-07,144.52076735886453,85.39015265853428,202.13206801635172,24.53,2021-06-06
46,2021-06-08,144.13220789543203,84.83244849310282,201.8735679795911,32.5,2021-06-07
47,2021-06-09,146.12116914455072,87.86003015549376,208.4502225731239,27.69,2021-06-08
48,2021-06-10,147.0009318411718,87.81255213653762,202.3876780923937,23.9,2021-06-09
49,2021-06-11,141.34204164619584,84.16588518204871,202.41753360586836,25.83,2021-06-10
50,2021-06-12,137.01256426912153,71.15836286726862,192.77356709748406,23.19,2021-06-11
51,2021-06-13,133.74076119947728,74.1954564978264,193.8219090997427,17.51,2021-06-12
52,2021-06-14,138.82021202236194,80.6734753859629,199.96272568345105,22.66,2021-06-13
53,2021-06-15,138.88236783148525,76.31300376532378,198.94720625716403,23.08,2021-06-14
54,2021-06-16,141.27652348332214,78.60092757784294,201.7167169208019,22.74,2021-06-15
55,2021-06-17,143.29314451567765,81.07985877584169,204.1438717507789,24.81,2021-06-16
56,2021-06-18,137.85495143614747,80.1057215946548,196.52156044674652,24.27,2021-06-17
57,2021-06-19,133.6177313219192,71.00012338772174,196.8936477268366,18.58,2021-06-18
58,2021-06-20,130.65765599323748,71.99537153057837,190.92888110534852,20.78,2021-06-19
59,2021-06-21,136.8666351362669,82.3596783338517,202.18499208179134,46.59,2021-06-20
60,2021-06-22,137.2708863355323,77.43000609883393,195.62792291992642,73.16,2021-06-21
61,2021-06-23,140.7250907674568,83.76307545170012,203.8883368951092,25.29,2021-06-22
62,2021-06-24,142.46758728557134,88.04038568313597,207.347274584113,22.09,2021-06-23
63,2021-06-25,136.34849774374058,76.36641665711132,196.30804981702656,28.01,2021-06-24
64,2021-06-26,132.59363083193585,72.08759810096926,195.5172824114938,18.76,2021-06-25
65,2021-06-27,129.66844489922724,67.38735022737836,188.4821162948908,25.65,2021-06-26
66,2021-06-28,134.79305242339876,74.47018255364425,197.20748701945402,23.71,2021-06-27
67,2021-06-29,134.95328334934942,79.09550959915936,191.7776905350323,26.27,2021-06-28
68,2021-06-30,136.82783016434826,74.0146951794134,195.9817228551785,32.0,2021-06-29
69,2021-07-01,138.24740316671043,78.637494048828,198.73354427252258,25.13,2021-06-30
70,2021-07-02,131.8285285266147,70.82667205319073,191.45567577778021,20.72,2021-07-01
71,2021-07-03,127.11094201242803,66.47411281671421,189.45148876599174,18.84,2021-07-02
72,2021-07-04,123.2717167358615,59.71971510428833,180.34180684928174,16.41,2021-07-03
73,2021-07-05,128.50635671257487,69.03292000464612,187.84706787790822,20.32,2021-07-04
74,2021-07-06,127.33284170116727,69.0383869477653,185.678063822195,54.87,2021-07-05
75,2021-07-07,129.4681411458996,67.63913447702937,189.28156972957171,40.37,2021-07-06
76,2021-07-08,130.51346829861262,74.30913050203702,194.38356309041959,37.48,2021-07-07
77,2021-07-09,123.67982213970602,61.43843255912605,183.9226586102615,30.27,2021-07-08
78,2021-07-10,119.15714706441577,58.161828438891924,184.30380982134497,18.99,2021-07-09
79,2021-07-11,114.54906969234058,49.49392066468009,174.73878363468307,15.8,2021-07-10
80,2021-07-12,119.83795807451506,58.18949341190165,180.51241767876428,30.41,2021-07-11
81,2021-07-13,119.50270560327564,56.27941349394411,178.24159490724182,32.45,2021-07-12
82,2021-07-14,120.92297329745455,54.452314621243985,181.67081935659127,45.97,2021-07-13
83,2021-07-15,121.61977126027455,60.57721838615613,181.42454990338805,45.2,2021-07-14
84,2021-07-16,115.81345317952885,57.64164199186574,175.71436163005757,42.03,2021-07-15
85,2021-07-17,111.41002863994933,53.557933815818224,171.09439683435016,29.98,2021-07-16
86,2021-07-18,107.75624361196304,49.36065184363082,167.77976918052795,30.5,2021-07-17
87,2021-07-19,113.45757451790882,51.641377709582436,172.2494391727647,30.44,2021-07-18
88,2021-07-20,114.46886711588542,53.195858569956414,174.3793301812112,35.42,2021-07-19
89,2021-07-21,116.62571032146168,56.124639206930624,178.2208150832178,27.17,2021-07-20
90,2021-07-22,118.87917016264068,54.983274136817386,179.97627953380535,33.18,2021-07-21
91,2021-07-23,113.51428496058485,51.32610519159971,174.64041264296884,35.45,2021-07-22
92,2021-07-24,110.2029984953864,46.938109523306316,169.71210756241922,24.9,2021-07-23
93,2021-07-25,108.81877627662756,49.49147633850517,169.93338717872882,23.44,2021-07-24
94,2021-07-26,114.94803146802339,52.07957720808862,173.27689758398822,42.02,2021-07-25
95,2021-07-27,117.47902386646139,57.93587517011503,179.57312586155675,40.66,2021-07-26
96,2021-07-28,120.30041239420336,58.934951760818755,182.26369221848208,46.7,2021-07-27
97,2021-07-29,123.73086257858213,61.2242504662036,178.19618132987142,34.33,2021-07-28
98,2021-07-30,120.08896133988796,65.1134376047655,181.9787323560397,39.49,2021-07-29
99,2021-07-31,117.77249789269744,53.69073361053243,178.74234541585568,44.29,2021-07-30
100,2021-08-01,117.46892477821582,53.1996349202753,174.7890857222721,39.57,2021-07-31
101,2021-08-02,123.33479462049642,60.35094037492516,184.13760681634741,44.4,2021-08-01
102,2021-08-03,127.20511899159699,66.69361342179441,187.94661625925366,48.97,2021-08-02
103,2021-08-04,130.844557814684,67.8782201223467,193.68170982200388,45.77,2021-08-03
104,2021-08-05,134.7684293061643,72.50746975612924,195.0541736764318,64.5,2021-08-04
105,2021-08-06,131.12206265209988,65.26364859205835,192.54908335810833,54.1,2021-08-05
106,2021-08-07,128.70578193394022,64.74373740697338,185.45524956062326,53.82,2021-08-06
107,2021-08-08,126.05481165085156,63.85883664395545,187.68335046236427,50.74,2021-08-07
108,2021-08-09,133.26571185289012,72.14801754084783,193.74356370452344,62.25,2021-08-08
109,2021-08-10,134.85763831511673,73.09266051283333,195.20809279791007,65.22,2021-08-09
110,2021-08-11,138.6255103118829,78.79925959122446,198.53006458702876,67.3,2021-08-10
111,2021-08-12,141.07283828351925,79.89848135932964,203.91415775412966,58.92,2021-08-11
112,2021-08-13,135.62617281871886,74.76445544042951,199.0933862808545,62.92,2021-08-12
113,2021-08-14,131.5754695336926,68.61747358282116,194.27651829963847,53.62,2021-08-13
114,2021-08-15,128.29346466981937,68.54574615162204,189.90813481301655,62.55,2021-08-14
115,2021-08-16,131.80851104534213,72.39549886578567,193.91921181799253,61.23,2021-08-15
116,2021-08-17,132.46058780564644,73.59883174220467,193.6982833313521,57.14,2021-08-16
117,2021-08-18,135.24034087151827,72.98187409587167,191.44435120662152,53.67,2021-08-17
118,2021-08-19,135.59505421205003,70.44422664374363,197.5758897975647,51.75,2021-08-18
119,2021-08-20,129.45077110539776,67.67101205835131,192.36707144108485,48.4,2021-08-19
120,2021-08-21,121.68797345308991,63.550871753278685,182.36581136995085,40.4,2021-08-20
121,2021-08-22,119.25360460872918,60.86551688933767,182.61370518470358,40.82,2021-08-21
122,2021-08-23,123.594302212628,57.41969445216002,185.0123206526078,67.8,2021-08-22
123,2021-08-24,123.25626664589679,60.586397509913965,187.2618004194264,86.8,2021-08-23
124,2021-08-25,123.75464791645982,65.46560684786367,184.62921435158523,102.28,2021-08-24
125,2021-08-26,124.14043037422775,68.10118888673026,190.15200086409746,97.98,2021-08-25
126,2021-08-27,118.82976476356659,58.253198606846745,181.38069476157938,121.23,2021-08-26
127,2021-08-28,114.14037786116165,52.51576490265587,173.90881831094472,89.48,2021-08-27
128,2021-08-29,111.6493752579275,50.84737441711581,172.2598480718924,100.69,2021-08-28
129,2021-08-30,115.59614458230844,50.45166511846771,181.11147695038215,114.34,2021-08-29
130,2021-08-31,116.50076991675986,52.258607594862525,175.0661800115898,121.47,2021-08-30
131,2021-09-01,119.51606576979258,60.1159033946373,182.15354878694623,136.21,2021-08-31
132,2021-09-02,121.26112862114935,59.62699893251596,185.97045987193042,117.15,2021-09-01
133,2021-09-03,115.80226771200279,55.77917989621449,176.72191980817644,159.34,2021-09-02
134,2021-09-04,113.55887170911515,51.5165752777526,177.33169694199012,127.15,2021-09-03
135,2021-09-05,110.1858657393414,48.80478066282308,170.65096113781985,116.33,2021-09-04
136,2021-09-06,117.62066224895524,57.08335030929668,176.54113559714563,124.07,2021-09-05
137,2021-09-07,119.28395309547011,57.382530365334866,181.72422458962552,214.0,2021-09-06
138,2021-09-08,121.47085664935724,61.72107904098938,186.45862420662954,156.64,2021-09-07
139,2021-09-09,126.33404961419174,56.174008007042744,189.59223704664575,151.69,2021-09-08
140,2021-09-10,122.92860876675165,59.22052369567646,183.9211644035223,107.41,2021-09-09
141,2021-09-11,116.36632361577081,54.42624556063043,177.47096139277568,70.55,2021-09-10
142,2021-09-12,115.51100497024615,51.56118321168243,180.55076767945926,66.3,2021-09-11
143,2021-09-13,119.12570560828212,60.10318445690968,179.31054183329266,106.66,2021-09-12
144,2021-09-14,118.79059664345522,57.373527744447024,177.93636437435532,74.48,2021-09-13
145,2021-09-15,119.86661066755497,54.3335810063223,180.4978689449861,75.05,2021-09-14
146,2021-09-16,121.49564292902107,61.15796252879635,181.5965602610873,89.06,2021-09-15
147,2021-09-17,115.3907527894596,55.86357246040235,171.5068439965924,80.83,2021-09-16
148,2021-09-18,109.93880930622689,48.51088701503753,170.29674988351096,57.96,2021-09-17
149,2021-09-19,107.42432859700406,45.832640989559685,169.5412988536882,65.2,2021-09-18
150,2021-09-20,110.45283879112897,48.90730598376989,174.93286455635024,93.63,2021-09-19
151,2021-09-21,111.4877299920189,52.4585735160973,171.10987332085574,106.5,2021-09-20
152,2021-09-22,110.64275226772114,55.92779143557591,170.94164895808248,73.92,2021-09-21
153,2021-09-23,111.19579195939491,44.82715517649361,171.09407941955266,91.23,2021-09-22
154,2021-09-24,105.56510616854064,44.29687427561105,169.12609602288123,78.53,2021-09-23
155,2021-09-25,99.38435021354309,35.63005787985554,162.2121038034736,50.96,2021-09-24
156,2021-09-26,94.04940000407115,35.29148891816414,151.38493192446592,71.25,2021-09-25
157,2021-09-27,98.64962340280603,36.58202501190099,154.01727617830394,138.46,2021-09-26
158,2021-09-28,98.63445045231812,33.694517780309326,158.96039134907548,95.01,2021-09-27
159,2021-09-29,100.46747935358279,39.079616151881744,159.0758468730987,83.69,2021-09-28
160,2021-09-30,100.21869112427058,37.43303193730681,158.66109663403495,107.08,2021-09-29
161,2021-10-01,93.52089277675205,36.14715384055634,152.69229083770102,93.36,2021-09-30
162,2021-10-02,87.11592758455451,30.510137779766747,150.76623691845995,68.63,2021-10-01
163,2021-10-03,83.18176072754014,19.51039712344371,148.48286566313342,65.82,2021-10-02
164,2021-10-04,90.97257723502568,33.83944307535853,147.4366162783195,105.76,2021-10-03
165,2021-10-05,89.86919624032666,29.414856507590855,152.08893620895657,130.5,2021-10-04
166,2021-10-06,90.87624865615004,27.86433396468808,151.1610900379927,150.03,2021-10-05
167,2021-10-07,93.25019607150448,34.07077436068986,152.2474273553833,151.98,2021-10-06
168,2021-10-08,90.23897836391558,31.001632199458026,151.57400320460061,126.37,2021-10-07
169,2021-10-09,86.00768914609667,29.504379361253683,147.09397462106733,84.65,2021-10-08
170,2021-10-10,82.11234238188035,27.59052211064703,139.896560925818,86.18,2021-10-09
171,2021-10-11,87.98138821222284,28.003760344609226,151.55289236448382,114.27,2021-10-10
172,2021-10-12,88.76798884067814,27.7116461646597,150.60729495754322,97.93,2021-10-11
173,2021-10-13,90.83836122807962,25.923500834182224,148.1849940711684,108.52,2021-10-12
174,2021-10-14,92.68835712301899,33.570653965811346,150.23068188130844,138.99,2021-10-13
175,2021-10-15,89.72032175250762,29.67380055592717,151.19674996923263,152.67,2021-10-14
176,2021-10-16,83.80208309442536,26.54989924098201,139.2860032644661,90.97,2021-10-15
177,2021-10-17,81.97204436050744,25.791590287587486,148.625777051449,80.52,2021-10-16
178,2021-10-18,87.80325628921322,30.978622986958513,148.63611772153655,113.41,2021-10-17
179,2021-10-19,89.19071495866665,28.28294228926059,146.35242581103097,79.6,2021-10-18
180,2021-10-20,91.24439774733166,29.00941629740052,151.40317423304253,87.25,2021-10-19
181,2021-10-21,91.62778507250792,28.114949922969092,154.42650824353237,100.28,2021-10-20
182,2021-10-22,89.27203173364083,29.990062784646362,146.12152492971884,91.86,2021-10-21
183,2021-10-23,84.91575044147312,25.646363726990398,143.60881779881478,71.61,2021-10-22
184,2021-10-24,79.58390568122779,14.837504173631425,141.10072603806182,80.11,2021-10-23
185,2021-10-25,84.91760557704843,22.406514136388722,148.368849749767,104.41,2021-10-24
186,2021-10-26,86.2324424434373,22.668418673065627,148.04263730242056,131.87,2021-10-25
187,2021-10-27,90.13287442611563,33.96085683523581,152.3424304454413,177.19,2021-10-26
188,2021-10-28,90.7178692601466,29.204287763735792,148.78591642508,198.03,2021-10-27
189,2021-10-29,87.13046519092629,30.306389958020738,146.19484210340195,183.86,2021-10-28
190,2021-10-30,82.60343708664746,25.62808828205125,143.2590840432007,171.25,2021-10-29
191,2021-10-31,82.23628740192505,23.817534894743357,140.67604412357255,157.06,2021-10-30
192,2021-11-01,88.66370423599075,27.012068445649618,146.93118194596192,166.95,2021-10-31
193,2021-11-02,91.28550646208323,32.01027401312864,151.35787859050262,184.01,2021-11-01
194,2021-11-03,94.05542113543557,36.42641962823129,158.63405070448033,170.82,2021-11-02
195,2021-11-04,96.19988356238912,34.811244722615406,151.90132815675645,153.5,2021-11-03
196,2021-11-05,91.04794248915519,26.578045572215423,145.36333335754188,141.36,2021-11-04
197,2021-11-06,85.27971437435929,26.9752673064815,154.15723436532974,118.06,2021-11-05
198,2021-11-07,82.93606329784386,26.512109405583598,142.68175573163197,104.34,2021-11-06
199,2021-11-08,88.56758893233504,30.253587195755205,146.25235735520602,133.38,2021-11-07
200,2021-11-09,88.09194081313372,29.781130055090653,145.49393980312604,181.38,2021-11-08
201,2021-11-10,92.68437945946047,36.51172438532285,156.8521408674137,173.9,2021-11-09
202,2021-11-11,96.05623753114673,34.8697042011676,156.41501109043668,167.06,2021-11-10
203,2021-11-12,90.98143692787633,27.856984830611015,153.3157706033249,154.77,2021-11-11
204,2021-11-13,87.76568385946956,29.70540960285473,147.36157821502823,136.56,2021-11-12
205,2021-11-14,84.51218028102171,27.14958274162264,144.49318402924052,118.46,2021-11-13
206,2021-11-15,92.6375068443081,37.50457314442435,155.73241969149552,159.57,2021-11-14
207,2021-11-16,95.9166115255764,33.61023143199811,151.1723566307114,150.73,2021-11-15
208,2021-11-17,96.56949088248165,35.502588995539405,155.98496367278096,137.44,2021-11-16
209,2021-11-18,101.66324780882891,40.52257927494823,160.1853312559006,149.6,2021-11-17
210,2021-11-19,97.51184073292738,32.943044267083835,158.63321329171904,127.11,2021-11-18
211,2021-11-20,93.84232831481597,34.16473119125681,159.0319662718611,109.74,2021-11-19
212,2021-11-21,90.12027894446699,30.130049823364743,149.45921854013665,112.07,2021-11-20
213,2021-11-22,99.21604313414386,38.59885469497216,157.52010311548491,151.88,2021-11-21
214,2021-11-23,99.62675839612882,40.25406831507245,156.9018480901355,140.45,2021-11-22
215,2021-11-24,102.70081625732547,46.38773200101654,162.19321179830968,136.33,2021-11-23
216,2021-11-25,107.24785302405894,46.58922419950614,168.4664582466984,129.48,2021-11-24
217,2021-11-26,102.59262806890482,45.571420532758005,167.38815910515416,120.3,2021-11-25
218,2021-11-27,98.98300329596243,37.68665500634911,156.90719471351025,126.86,2021-11-26
219,2021-11-28,97.55889929999,35.36896041111092,158.59757789487068,119.12,2021-11-27
220,2021-11-29,103.41056046259222,43.795769814120405,163.38147167528467,128.93,2021-11-28
221,2021-11-30,106.2832560803304,47.29424529035095,165.04126301451115,142.42,2021-11-29
222,2021-12-01,107.44310226204597,49.322870318740996,167.94978284831907,144.59,2021-11-30
223,2021-12-02,112.45411787572236,50.75412800903144,169.64858539616432,119.05,2021-12-01
224,2021-12-03,106.13704070044092,47.48367389452048,163.16363770364245,114.44,2021-12-02
225,2021-12-04,101.79601671438989,47.03849632779342,163.40633304405995,155.78,2021-12-03
226,2021-12-05,100.3183448769243,40.80407323517669,161.04302829357417,109.9,2021-12-04
227,2021-12-06,105.42115254764168,47.62054697678735,165.37163075998353,112.82,2021-12-05
228,2021-12-07,108.54752814277167,46.001188653149796,167.17432790094463,98.73,2021-12-06
229,2021-12-08,107.8364341849187,47.87965937257945,170.8749838552565,85.59,2021-12-07
230,2021-12-09,109.66187245201232,50.93031490599729,169.4258274589139,88.23,2021-12-08
231,2021-12-10,105.38838132605841,44.14924870689505,164.68280220020947,89.03,2021-12-09
232,2021-12-11,99.62620947610206,42.587976223124464,157.85277774738205,78.35,2021-12-10
233,2021-12-12,96.17445945872606,33.59239445644479,154.84718802948586,65.95,2021-12-11
234,2021-12-13,102.83153100465202,44.979378774051305,163.315814919567,88.68,2021-12-12
235,2021-12-14,103.23418226510671,42.31310562686904,160.8211269894918,83.57,2021-12-13
236,2021-12-15,103.91395120960308,42.20404374823944,161.95073262630495,92.33,2021-12-14
237,2021-12-16,105.61331305843547,47.82228301115532,166.84402931532307,101.52,2021-12-15
238,2021-12-17,100.3222707572976,37.18915032089858,160.15982804446543,113.25,2021-12-16
239,2021-12-18,94.4294034769924,36.647487498435154,157.26183120750045,68.56,2021-12-17
240,2021-12-19,93.42482625439301,31.21160319013082,153.21189506292947,62.06,2021-12-18
241,2021-12-20,99.57701786899086,40.234501867328454,161.02288950658073,71.51,2021-12-19
242,2021-12-21,100.47199282435996,42.524343980177896,155.0818290568396,71.13,2021-12-20
243,2021-12-22,102.98976154666309,43.09931549871572,160.62176808488425,81.72,2021-12-21
244,2021-12-23,103.63750882867372,40.52783842905964,157.7005996494868,90.02,2021-12-22
245,2021-12-24,100.14340809254963,37.40092790029178,160.70551871095063,75.73,2021-12-23
246,2021-12-25,95.25013478928345,41.1652779235279,152.2248567116789,73.52,2021-12-24
247,2021-12-26,92.25012656172808,33.16857152975329,146.67890184589368,58.59,2021-12-25
248,2021-12-27,100.32209536566066,39.78981908791686,160.6250384145095,82.34,2021-12-26
249,2021-12-28,102.15329291544197,40.08866873096612,160.34214223900793,106.49,2021-12-27
250,2021-12-29,104.72651763090504,41.04940759091128,164.3551323203782,127.73,2021-12-28
251,2021-12-30,108.4925665370595,54.632083212122694,171.46834046032674,114.74,2021-12-29
252,2021-12-31,103.55847637047817,45.804194884240225,166.46507802243946,97.14,2021-12-30
253,2022-01-01,99.996053344551,44.50617873357846,157.60074001403717,81.36,2021-12-31
254,2022-01-02,97.00838155982537,37.19235344644868,157.82222555380307,100.59,2022-01-01
255,2022-01-03,104.75204384570203,47.611245628987895,165.1630654325012,107.82,2022-01-02
256,2022-01-04,107.37584704511853,45.27654407420585,171.5828148621985,133.17,2022-01-03
257,2022-01-05,109.30410916081291,48.98964811421932,168.65023146179317,149.29,2022-01-04
258,2022-01-06,111.46420610097204,51.02611343818918,171.52508410446362,137.79,2022-01-05
259,2022-01-07,107.64225756324956,47.817085682575865,165.44401365111065,153.39,2022-01-06
260,2022-01-08,103.62828872340856,38.56356804459462,161.44115555000886,121.24,2022-01-07
261,2022-01-09,102.02053648853138,41.67655965010638,162.50471384781636,157.99,2022-01-08
262,2022-01-10,109.51199431837463,52.07956165006422,169.35866828216126,218.55,2022-01-09
263,2022-01-11,111.91265299233093,56.32607179135758,169.15385743034236,184.66,2022-01-10
264,2022-01-12,114.58173356363774,54.670779480197304,175.59870080310583,195.0,2022-01-11
265,2022-01-13,118.47380429904912,63.224826320966415,176.3051266772847,166.67,2022-01-12
266,2022-01-14,112.02587934409414,56.9914630734317,169.95306020396794,191.21,2022-01-13
267,2022-01-15,108.24352322535852,48.165280008514316,166.0517066250781,139.01,2022-01-14
268,2022-01-16,106.77379798970769,50.0718002016333,164.82121435502722,132.86,2022-01-15
269,2022-01-17,113.53350331504842,53.758393917631636,172.2667088803868,154.22,2022-01-16
270,2022-01-18,114.47682995616968,56.01113286431311,172.43690297846092,124.37,2022-01-17
271,2022-01-19,116.49552872174256,62.29102361637316,170.15304633765797,132.19,2022-01-18
272,2022-01-20,116.24875122258953,58.897475696230636,173.1504772193301,147.95,2022-01-19
273,2022-01-21,112.2804647707037,52.51358387698045,176.15454740754222,185.59,2022-01-20
274,2022-01-22,108.41752269466883,49.85280368865663,161.19400642680193,165.35,2022-01-21
275,2022-01-23,106.70818368087595,49.532039154172644,168.8021375653984,125.48,2022-01-22
276,2022-01-24,113.99245352212733,52.3264457242422,173.13881672894368,142.05,2022-01-23
277,2022-01-25,115.49071713204006,56.97947188493383,177.84277065679518,146.78,2022-01-24
278,2022-01-26,117.80407402894323,59.27957976838381,178.27261988192066,144.65,2022-01-25
279,2022-01-27,119.97850433659885,60.82457130196012,178.84772167323652,154.95,2022-01-26
280,2022-01-28,116.73667993408674,57.43321940470443,176.08245646690028,140.46,2022-01-27
281,2022-01-29,112.3253928318625,48.93761306928302,169.24489990163426,119.87,2022-01-28
282,2022-01-30,109.86632284103132,54.50069652080578,174.00381764116415,134.34,2022-01-29
283,2022-01-31,118.6389476887292,63.397808864720744,177.74578145970492,122.79,2022-01-30
284,2022-02-01,120.75128007728928,62.003772685523295,183.62137142535497,155.36,2022-01-31
285,2022-02-02,123.91075404607982,59.19659095594931,185.60974056467023,158.62,2022-02-01
286,2022-02-03,128.00499112099138,70.09621751707817,191.35590998090788,122.79,2022-02-02
287,2022-02-04,123.670364375596,60.466786254821095,185.49446994616832,109.34,2022-02-03
288,2022-02-05,119.54533565897731,63.280754190205386,178.3291445538105,110.65,2022-02-04
289,2022-02-06,117.57531839843561,58.64739630082439,180.84503251122754,76.76,2022-02-05
290,2022-02-07,125.11554813461643,68.00450379617361,188.19900554058947,119.52,2022-02-06
291,2022-02-08,127.52382261488904,69.12800777511819,186.73889848911057,92.78,2022-02-07
292,2022-02-09,130.5944156379823,73.23865391826595,195.2141709110118,97.13,2022-02-08
293,2022-02-10,131.9709998796211,70.53007011444141,195.15725733364556,118.79,2022-02-09
294,2022-02-11,128.5639174481827,68.48414176226733,187.64819060727768,77.83,2022-02-10
295,2022-02-12,122.8327246651388,69.90516344153768,186.64155818943493,68.85,2022-02-11
296,2022-02-13,119.99931757518523,63.85407238393508,183.9690346173291,59.46,2022-02-12
297,2022-02-14,126.55144400337377,67.416155470782,186.57905601163932,65.88,2022-02-13
298,2022-02-15,127.33729754391085,66.65073592374985,187.79551431589613,80.87,2022-02-14
299,2022-02-16,129.05267338011987,67.15817291744243,189.19230330625132,85.65,2022-02-15
300,2022-02-17,129.55948679994506,68.34432007475122,183.50862640570475,77.36,2022-02-16
301,2022-02-18,123.91159891132087,65.40461819662518,186.4763431627494,99.67,2022-02-17
302,2022-02-19,117.40451748752643,59.02947058123412,176.8542293139076,78.33,2022-02-18
303,2022-02-20,113.14885970553489,53.462510539556654,173.9344370860204,71.64,2022-02-19
304,2022-02-21,119.48587755392298,58.74290062440103,177.16400043554236,93.45,2022-02-20
305,2022-02-22,119.28118228673698,61.11144036286531,181.68821864576896,88.86,2022-02-21
306,2022-02-23,120.9164576621854,64.31145220428539,182.4432068085589,96.96,2022-02-22
307,2022-02-24,121.70522560095561,56.75257334669169,182.56690278273211,91.59,2022-02-23
308,2022-02-25,115.21189908837214,57.366451464794345,177.18483580972784,68.35,2022-02-24
309,2022-02-26,108.4808285129267,51.6341742888599,169.99561061172056,55.69,2022-02-25
310,2022-02-27,104.34356580719661,41.043537253605066,162.58079263830237,46.81,2022-02-26
311,2022-02-28,109.58871777578585,48.63632129366956,168.46320337314654,74.18,2022-02-27
312,2022-03-01,110.43740314406008,46.05164457609386,166.71303439125842,61.81,2022-02-28
313,2022-03-02,111.0876643456552,52.74110231479746,169.05731456692595,57.23,2022-03-01
314,2022-03-03,111.44303427086163,49.02405299290506,177.95350994577154,51.82,2022-03-02
315,2022-03-04,104.297986796173,44.84922374769697,163.075031456789,50.03,2022-03-03
316,2022-03-05,98.66353047858556,40.16242293689561,158.4009933359664,39.11,2022-03-04
317,2022-03-06,93.82522597701066,37.606293092878026,153.1849960773948,51.79,2022-03-05
318,2022-03-07,101.16244389640443,40.77164224691913,163.47334956341032,44.75,2022-03-06
319,2022-03-08,100.82963002515567,42.20232878207183,158.11026337232255,49.33,2022-03-07
320,2022-03-09,102.00927382757507,44.52680927251246,158.23292042112783,40.82,2022-03-08
321,2022-03-10,103.37844294516438,40.6676657138509,159.98616888930385,36.48,2022-03-09
322,2022-03-11,96.8470008991923,37.963619218205565,153.19986040932815,35.33,2022-03-10
323,2022-03-12,92.1206165916933,30.760001353048082,152.67302128746363,26.29,2022-03-11
324,2022-03-13,88.86920878857109,31.2510872863603,147.30290238325713,41.62,2022-03-12
325,2022-03-14,96.32479923299198,32.06208824893422,152.83743511081852,35.17,2022-03-13
326,2022-03-15,96.54069151893076,38.93100498349392,158.91202192249438,40.48,2022-03-14
327,2022-03-16,99.032495021416,40.13831288726263,158.64007407333136,43.77,2022-03-15
328,2022-03-17,100.94502120220398,44.24475093465848,157.3258319847945,77.11,2022-03-16
329,2022-03-18,96.12056851868573,36.77801916443628,155.30296573533568,72.59,2022-03-17
330,2022-03-19,91.00273784297825,32.445740461634465,150.0049729045286,33.68,2022-03-18
331,2022-03-20,87.928776517565,33.18745940956752,149.22587937325977,29.28,2022-03-19
332,2022-03-21,96.49009240633916,40.95669970501442,155.89288203563004,37.36,2022-03-20
333,2022-03-22,96.83608366624651,34.46345974965554,157.12563540143165,46.98,2022-03-21
334,2022-03-23,99.11624724377143,40.565293055015964,160.13194495654452,40.6,2022-03-22
335,2022-03-24,100.34180500351668,43.346609277437615,160.5578588734267,53.36,2022-03-23
336,2022-03-25,95.72320190890088,37.14624634608172,154.09989491173943,48.97,2022-03-24
337,2022-03-26,89.25103923682555,28.94471058950871,149.6265871154765,34.69,2022-03-25
338,2022-03-27,87.01169142324918,33.044003041422584,145.15815885561258,55.42,2022-03-26
339,2022-03-28,93.66138491884827,37.01608711576036,154.92587863628546,82.45,2022-03-27
340,2022-03-29,94.92594999294208,37.80773510039464,157.02420697315486,50.44,2022-03-28
341,2022-03-30,96.14587108477046,34.501666377157164,152.73663940794248,56.31,2022-03-29
342,2022-03-31,97.81778054613905,38.197434325358564,156.9298656926585,55.28,2022-03-30
343,2022-04-01,91.72869293467613,30.268338698638676,150.9420866261992,68.58,2022-03-31
344,2022-04-02,85.49267507347811,26.386147388572635,150.67269366529237,62.41,2022-04-01
345,2022-04-03,81.46483665849766,23.489248004225807,136.72040032353348,55.07,2022-04-02
346,2022-04-04,88.79405641729757,28.847143580023495,149.5462774450364,68.72,2022-04-03
347,2022-04-05,88.41784053307113,30.106116822072067,145.57775821779532,96.82,2022-04-04
348,2022-04-06,89.95496171920847,27.501075365396847,145.79994072355592,62.79,2022-04-05
349,2022-04-07,91.05009392863384,31.26978629237387,149.99317092916945,75.35,2022-04-06
350,2022-04-08,85.94225149553554,27.297443914316847,147.39515386058974,59.58,2022-04-07
351,2022-04-09,78.96195740156561,19.505350026921704,137.61559046031218,38.31,2022-04-08
352,2022-04-10,75.46387719696986,12.680439567216585,137.50913710346123,47.81,2022-04-09
353,2022-04-11,82.70741791981658,21.914510705822853,140.73442934391738,49.65,2022-04-10
354,2022-04-12,82.14978347297406,20.769104219827575,139.11895183409325,50.43,2022-04-11
355,2022-04-13,83.269595353962,26.235143290770225,142.08302377136124,50.93,2022-04-12
356,2022-04-14,84.08604908692436,24.17587918442143,142.30030745493008,53.37,2022-04-13
357,2022-04-15,77.00767155351308,18.46359236904425,134.36433192942766,43.14,2022-04-14
358,2022-04-16,71.3398951000399,11.665317475136135,128.47053951639057,38.6,2022-04-15
359,2022-04-17,68.7950505187385,9.418439959421775,123.79023801579164,32.93,2022-04-16
360,2022-04-18,74.42182195369955,16.110557586885577,129.0110564046751,40.28,2022-04-17
361,2022-04-19,74.84481181625974,12.758982577024046,132.87715683689356,44.42,2022-04-18
362,2022-04-20,77.49588527488258,14.253135961357847,140.07516364392941,71.91,2022-04-19
363,2022-04-21,78.70506404046606,22.178493004579007,140.9981971398849,65.08,2022-04-20
364,2022-04-22,73.69719628728909,13.696988513760934,131.39267083151148,61.13,2022-04-21
365,2022-04-23,68.06226506814838,7.342921449057256,128.7437811789355,35.93,2022-04-22
366,2022-04-24,65.87946461079925,5.185398333125322,123.93292154025919,35.95,2022-04-23
367,2022-04-25,73.06515977524401,14.436779988091372,135.23358216481918,57.8,2022-04-24
368,2022-04-26,73.77729809158788,13.789957007432285,128.32842188840524,50.69,2022-04-25
369,2022-04-27,76.20321741099625,20.557812409262866,135.2214035115631,57.66,2022-04-26
370,2022-04-28,78.27191602944686,16.857942456069093,136.6613434102084,57.14,2022-04-27
371,2022-04-29,73.88506050421012,19.061955505240924,134.21116517294854,54.69,2022-04-28
372,2022-04-30,68.59112088253093,8.567674660000533,132.02104608290904,52.55,2022-04-29
373,2022-05-01,66.1967791528502,9.661550076222602,129.61005408375158,474.57,2022-04-30
374,2022-05-02,80.4909580256262,19.73960820067759,140.61328463911127,72.04,2022-05-01
375,2022-05-03,80.76151247075643,23.172237365524964,144.197924225575,64.11,2022-05-02
376,2022-05-04,84.28413891226288,24.004547599681796,149.82045093152033,53.08,2022-05-03
377,2022-05-05,85.64516854015628,26.902362114762482,152.0011236734447,68.69,2022-05-04
378,2022-05-06,80.75132926361215,22.18114698999979,144.8589036928028,55.17,2022-05-05
379,2022-05-07,73.93990657979505,14.984289801055032,134.60579081568957,35.19,2022-05-06
380,2022-05-08,72.63027067580977,12.400895775431367,135.16859910204494,29.48,2022-05-07
381,2022-05-09,78.71050001984746,18.60072030440146,141.0343101242339,66.65,2022-05-08
382,2022-05-10,79.47828290564067,20.476759215287657,135.8160308130666,61.54,2022-05-09
383,2022-05-11,81.86894569940345,16.913423224487623,139.89060722152126,147.32,2022-05-10
384,2022-05-12,83.44086903644332,21.513359144476617,142.9277985063136,213.7,2022-05-11
385,2022-05-13,80.29691712374567,21.569155690617766,140.35905967052958,80.81,2022-05-12
386,2022-05-14,74.02447208433186,11.561470055897693,132.74322361959116,40.87,2022-05-13
387,2022-05-15,72.47529712137992,9.034469316606527,129.04659725669666,27.95,2022-05-14
388,2022-05-16,78.29357146323686,18.444788655015003,138.85770115654503,28.8,2022-05-15
389,2022-05-17,78.05801403135733,15.662951286212667,136.73221054383293,37.83,2022-05-16
390,2022-05-18,79.06114624246607,18.24868083922486,141.56586034390685,30.75,2022-05-17
391,2022-05-19,79.74576716563956,16.070890731005797,141.6306487070234,30.46,2022-05-18
392,2022-05-20,73.21397015794403,10.882473184369912,129.55629928959658,32.78,2022-05-19
393,2022-05-21,67.29988635663085,6.11201420567244,124.22028436181756,26.24,2022-05-20
394,2022-05-22,64.25856548606612,4.202514148921618,125.13656546429804,25.66,2022-05-21
395,2022-05-23,69.91810778490125,11.337848323254416,127.27997065539242,29.54,2022-05-22
396,2022-05-24,69.63854221833755,8.634532550232791,132.74315713726824,32.96,2022-05-23
397,2022-05-25,71.49195306725572,11.946683644343475,132.7506474539557,38.51,2022-05-24
398,2022-05-26,72.44581860815634,10.363307491021732,128.94957402740891,51.38,2022-05-25
399,2022-05-27,68.3491193880034,4.817575626221626,124.8269620081789,45.55,2022-05-26
400,2022-05-28,60.77234256792356,1.2608361563312513,122.95787236459842,23.6,2022-05-27
401,2022-05-29,58.29206459242984,-4.666006745532385,115.61370853651015,24.16,2022-05-28
402,2022-05-30,64.3213700260136,5.775499752604129,121.81075271420745,37.96,2022-05-29
403,2022-05-31,64.3983763469382,5.74440090368236,123.44764078254317,56.55,2022-05-30
404,2022-06-01,66.90622081159889,6.320148353169173,121.50453534808528,60.06,2022-05-31
405,2022-06-02,70.60022607804001,10.607653336358933,132.23162810634528,64.71,2022-06-01
406,2022-06-03,63.361627885361585,2.2183127007143826,122.29206597130073,64.57,2022-06-02
407,2022-06-04,58.41224114652191,1.1485780624410227,115.8760960562745,62.97,2022-06-03
408,2022-06-05,56.59542916127711,-5.342207376236019,114.19193040923773,59.37,2022-06-04
409,2022-06-06,63.94174473660078,6.430763935112468,125.09935873458473,57.52,2022-06-05
410,2022-06-07,64.24264256811801,10.879535083625411,126.85609488087681,61.93,2022-06-06
411,2022-06-08,65.76909231996665,2.908565231281161,123.71158735462645,75.58,2022-06-07
412,2022-06-09,69.17238344918627,15.165223868078295,129.1602487114516,76.1,2022-06-08
413,2022-06-10,64.07877757406338,4.5618756658260065,122.93312531685393,59.14,2022-06-09
414,2022-06-11,58.12035541340562,-4.014997385855944,116.38172837163081,41.38,2022-06-10
415,2022-06-12,56.42205762434814,-3.9317670275557957,120.13273768380786,38.72,2022-06-11
416,2022-06-13,61.92543051348838,8.431637724896369,123.18636507169943,95.86,2022-06-12
417,2022-06-14,64.30367228702899,2.258378513489134,128.8572969591293,66.78,2022-06-13
418,2022-06-15,66.46399033607368,9.567566411248952,128.504028439679,72.23,2022-06-14
419,2022-06-16,69.00228240665365,11.678086500123888,129.48463877906016,45.18,2022-06-15
420,2022-06-17,62.88347716579653,4.908255183038574,119.30745745949326,45.6,2022-06-16
421,2022-06-18,56.94443836220685,-6.266244366598885,114.86844797928848,55.86,2022-06-17
422,2022-06-19,55.37483448366968,0.34789847569374677,114.94401509896889,32.65,2022-06-18
423,2022-06-20,61.31497973738661,0.4397413349430196,119.95520709131281,31.38,2022-06-19
424,2022-06-21,62.06381066735582,5.444153116241027,122.61301054156161,43.46,2022-06-20
425,2022-06-22,64.4752199121206,3.6203095195007218,123.2220357524643,39.68,2022-06-21
426,2022-06-23,65.78456914123846,2.2775755893771503,126.9183566201877,55.29,2022-06-22
427,2022-06-24,60.3949099935599,2.9729239648025736,119.97913768064953,47.63,2022-06-23
428,2022-06-25,54.638622381136145,-5.8979173297376155,112.58773603100593,39.06,2022-06-24
429,2022-06-26,52.28462652829565,-10.907190218981988,111.83217247348259,40.52,2022-06-25
430,2022-06-27,58.52735014433652,-2.359798146023542,118.169165142412,54.1,2022-06-26
431,2022-06-28,58.6390806062643,-1.1809793351107112,116.40963302075276,50.4,2022-06-27
432,2022-06-29,61.62398559150938,0.3226707087372972,123.79218307423174,63.29,2022-06-28
433,2022-06-30,62.72188426821238,-1.2693022331801493,116.94346456924957,56.51,2022-06-29
434,2022-07-01,57.85707974758073,-3.0271563180448777,116.08082374280532,35.55,2022-06-30
435,2022-07-02,51.09608732717584,-4.8126036407291455,111.44003192059031,19.37,2022-07-01
436,2022-07-03,48.36999450467794,-13.759290743136244,106.24653663194705,21.18,2022-07-02
437,2022-07-04,54.013853354887566,-6.925691871043295,115.01804897829298,26.86,2022-07-03
438,2022-07-05,54.080797560325905,-8.387480706015005,113.75334382393407,33.13,2022-07-04
439,2022-07-06,55.65496991474684,-4.088731118756648,115.00341410198224,34.03,2022-07-05
440,2022-07-07,57.76617497381532,2.2503442605649577,114.074915802699,40.76,2022-07-06
441,2022-07-08,51.13325822969482,-6.031517486982621,114.51815730075994,30.26,2022-07-07
442,2022-07-09,44.588722486607175,-13.878272853190804,105.29280756738511,29.51,2022-07-08
443,2022-07-10,42.938982575626525,-17.317565434846927,105.10597641674015,21.04,2022-07-09
444,2022-07-11,48.8825980203563,-12.825723871917514,106.15874514166268,32.31,2022-07-10
445,2022-07-12,48.90043386993398,-12.390249556696626,106.13641106103708,27.74,2022-07-11
446,2022-07-13,50.19319976859798,-7.953119700858314,106.36419898294632,34.35,2022-07-12
447,2022-07-14,51.75681930738513,-7.005247545890446,113.07839686881383,36.73,2022-07-13
448,2022-07-15,46.99223909849481,-8.793123978313645,107.32081464347955,34.77,2022-07-14
449,2022-07-16,40.540598992542186,-14.001465843547853,99.441154144608,26.05,2022-07-15
450,2022-07-17,39.06949797179034,-20.21619006779863,99.52322516149803,24.91,2022-07-16
451,2022-07-18,45.49313917081221,-12.5099145095249,104.77227695916218,35.14,2022-07-17
452,2022-07-19,46.77654720848868,-15.5851269359479,107.83858834529833,35.59,2022-07-18
453,2022-07-20,49.136447676468,-8.637272310007772,115.07237004795232,34.13,2022-07-19
454,2022-07-21,51.540223996247875,-4.923021500383804,109.6920628685903,24.47,2022-07-20
455,2022-07-22,45.93073885796309,-11.300828157788947,103.41077454030687,19.1,2022-07-21
456,2022-07-23,41.43908397850244,-18.380552906368404,99.86400486131903,15.79,2022-07-22
457,2022-07-24,39.634661059527744,-20.392283726708115,100.73077888741952,13.69,2022-07-23
458,2022-07-25,47.78169566759407,-11.920786772760877,108.62284298206855,23.75,2022-07-24
459,2022-07-26,49.34920538266927,-12.981320765743586,109.4944986556753,27.64,2022-07-25
460,2022-07-27,53.82161486174626,-4.890177772021436,109.59266581932977,23.57,2022-07-26
461,2022-07-28,55.868236250216114,-0.45197612140778204,113.55438943243904,27.01,2022-07-27
462,2022-07-29,51.71747291081713,-7.263302274937086,109.89301519914802,19.42,2022-07-28
463,2022-07-30,47.929023147884585,-9.603372490838101,105.75390816593931,12.28,2022-07-29
464,2022-07-31,47.84946608946824,-10.232542183158007,108.97442688980601,11.54,2022-07-30
465,2022-08-01,55.79376075733552,-1.3039933394512173,115.01717756380216,23.58,2022-07-31
466,2022-08-02,57.72921121248376,2.327062107761625,115.37449209662988,17.45,2022-08-01
467,2022-08-03,61.151147087258735,4.967820196002529,117.90116905342965,15.73,2022-08-02
468,2022-08-04,65.85355095808585,5.938885356042996,125.45282314645947,17.1,2022-08-03
469,2022-08-05,61.168628140174285,1.7553738901670348,121.24030569946628,17.14,2022-08-04
470,2022-08-06,56.642630789978334,-1.4526359361268084,114.0301529814401,11.79,2022-08-05
471,2022-08-07,56.541585869803185,-4.103765088391989,117.18169281134838,12.46,2022-08-06
472,2022-08-08,64.35855536479478,6.176482312388921,124.88729036402162,20.89,2022-08-07
473,2022-08-09,66.83542051039893,6.777457952866292,126.44045684232441,22.44,2022-08-08
474,2022-08-10,69.56432444268526,4.221580972446896,123.073629973205,32.79,2022-08-09
475,2022-08-11,72.55389701032006,10.037529502454175,131.2145562856831,26.96,2022-08-10
476,2022-08-12,68.77342329835355,9.394819035207579,127.48712563970524,20.74,2022-08-11
477,2022-08-13,63.019452981478224,4.5413383667054275,120.68300977051624,13.44,2022-08-12
478,2022-08-14,62.86300030222851,-2.385818506671422,123.19887865748407,14.34,2022-08-13
479,2022-08-15,69.2976160769199,8.078129419266443,131.90666958521052,25.49,2022-08-14
480,2022-08-16,70.01523914689797,16.180630275670698,133.44267487543513,15.52,2022-08-15
481,2022-08-17,72.51556148790381,11.817673813475754,134.3889532476214,15.84,2022-08-16
482,2022-08-18,74.83206093344717,13.650101790729146,133.89363058937533,15.53,2022-08-17
483,2022-08-19,69.67295629182496,14.119676637729516,129.31629797142602,21.37,2022-08-18
484,2022-08-20,63.89144894744194,6.334966559963057,125.6518949267553,14.31,2022-08-19
485,2022-08-21,61.85672394475447,4.664427701781567,116.18274091406936,10.78,2022-08-20
486,2022-08-22,67.30595683183998,10.62758622522785,123.79423342688501,18.07,2022-08-21
487,2022-08-23,67.85605601733117,11.458297566854785,129.60601516548203,16.51,2022-08-22
488,2022-08-24,69.51554690075685,8.401943094659861,127.70438360734893,15.7,2022-08-23
489,2022-08-25,70.77703110929191,10.829515590804506,130.72907786130276,20.9,2022-08-24
490,2022-08-26,64.81580497663978,6.771164992194,119.55452073213044,18.11,2022-08-25
491,2022-08-27,58.755799567425626,1.6639745003881303,115.76957928040503,11.73,2022-08-26
492,2022-08-28,56.21700000565677,-3.970052590403119,117.18406047044114,11.33,2022-08-27
493,2022-08-29,61.88008073640814,3.0510305192756455,117.93392213899321,19.47,2022-08-28
494,2022-08-30,62.43353331700561,-0.9332660804603641,122.35086746563925,23.71,2022-08-29
495,2022-08-31,64.60875552404565,5.073806053813889,124.12796436023176,26.14,2022-08-30
496,2022-09-01,66.05313947581216,5.363108323203129,125.61369656014152,23.61,2022-08-31
497,2022-09-02,60.24121593166214,2.118836844777824,116.82120505454901,17.1,2022-09-01
498,2022-09-03,53.226931266431805,-3.6462682164027416,114.11585098585499,10.16,2022-09-02
499,2022-09-04,51.25920982790793,-7.631060303771414,110.03616844693411,11.43,2022-09-03
500,2022-09-05,57.595317528467355,-3.8643974829197965,120.19482227919596,14.62,2022-09-04
501,2022-09-06,58.38540638147052,1.9571523798194403,117.04038484078315,19.27,2022-09-05
502,2022-09-07,60.54001458335313,6.2887730268950275,118.4652523224655,24.17,2022-09-06
503,2022-09-08,62.427110960399496,6.198522919249491,116.20451713683781,27.02,2022-09-07
504,2022-09-09,56.9461837157266,-3.9768160325480957,117.94371520333172,25.47,2022-09-08
505,2022-09-10,50.462688776045695,-9.828370962562927,110.91773858020333,15.15,2022-09-09
506,2022-09-11,49.435965893492636,-6.581811738238073,107.62750610305018,13.28,2022-09-10
507,2022-09-12,55.35801234918202,-5.831507448971687,116.98551537739311,21.39,2022-09-11
508,2022-09-13,56.235270902961446,0.8225186710861387,118.14468866385805,23.61,2022-09-12
509,2022-09-14,58.21764110585225,-2.6970846881906874,117.09865434495109,17.08,2022-09-13
510,2022-09-15,59.336061026200966,2.5421579538176076,120.59025848926096,23.1,2022-09-14
511,2022-09-16,54.054664920445674,-4.784396975680865,112.73114461365127,13.92,2022-09-15
512,2022-09-17,47.760767890765734,-12.916489086058847,107.60724808632447,8.871,2022-09-16
513,2022-09-18,45.425659097040686,-15.548857757666713,107.49786422551065,11.78,2022-09-17
514,2022-09-19,51.03978176806178,-9.631588927343083,114.42786971040519,14.41,2022-09-18
515,2022-09-20,50.59351878290796,-11.780949533200323,111.6697687201911,15.55,2022-09-19
516,2022-09-21,52.371385686779746,-9.242978156471882,110.06174636876355,18.64,2022-09-20
517,2022-09-22,53.43840830448277,-4.101019468797498,111.10467428088755,14.2,2022-09-21
518,2022-09-23,46.966900866376484,-14.251661467555936,112.17604654907903,13.06,2022-09-22
519,2022-09-24,39.89823151622496,-16.296420409730867,99.14599637695402,9.076,2022-09-23
520,2022-09-25,37.089031045065354,-21.240315336286056,96.54888428428212,10.96,2022-09-24
521,2022-09-26,42.6060605057006,-16.895240583099245,97.68110475846076,16.54,2022-09-25
522,2022-09-27,42.04797822114574,-14.62757117269027,103.98145353261184,22.61,2022-09-26
523,2022-09-28,42.633472545351445,-16.688249074078808,101.10402366478853,19.76,2022-09-27
524,2022-09-29,43.58105854495069,-15.611731192282248,104.23387516250745,18.79,2022-09-28
525,2022-09-30,36.913783146962466,-23.211171203666424,92.18259750305575,18.85,2022-09-29
526,2022-10-01,30.75923904566773,-26.229518698875687,87.5462059437928,11.42,2022-09-30
527,2022-10-02,27.430457557878015,-26.65114319952658,86.57218738718475,8.483,2022-10-01
528,2022-10-03,32.48422824364949,-26.704458118631692,93.05704917407363,17.72,2022-10-02
529,2022-10-04,32.8080795441128,-24.64980886116955,95.87624945144884,17.62,2022-10-03
530,2022-10-05,34.64965730244893,-24.11932021971425,92.47032778147758,20.51,2022-10-04
531,2022-10-06,36.23423399941942,-20.60513096906289,92.99338034874003,15.62,2022-10-05
532,2022-10-07,31.62042490703939,-23.70029816774085,90.79041041669383,13.49,2022-10-06
533,2022-10-08,22.77493575593367,-34.85239832483426,81.34511903150837,20.62,2022-10-07
534,2022-10-09,22.194622546361188,-39.569619741861345,77.7460832167795,31.29,2022-10-08
535,2022-10-10,29.2025438035894,-30.391741238078232,86.13930851792554,37.58,2022-10-09
536,2022-10-11,28.74609397334103,-27.79770322222924,88.0685970366089,29.33,2022-10-10
537,2022-10-12,31.439558883603155,-28.52764674230975,91.74924928646494,22.28,2022-10-11
538,2022-10-13,34.008730067277064,-26.530705276846817,93.30523130457203,27.49,2022-10-12
539,2022-10-14,29.532263091921532,-31.815852814777987,91.05370656612764,20.98,2022-10-13
540,2022-10-15,23.983794523177476,-35.912004470847194,81.89048338234974,19.68,2022-10-14
541,2022-10-16,21.964151961455073,-37.7473116261806,79.07701145991999,17.82,2022-10-15
542,2022-10-17,28.67947654655275,-28.59979784289886,84.79660721848443,27.65,2022-10-16
543,2022-10-18,29.900714829581627,-25.51544119337907,89.84799292355093,29.22,2022-10-17
544,2022-10-19,32.780873919414475,-25.35141824128523,90.83314306676245,33.13,2022-10-18
545,2022-10-20,35.73560335628171,-19.573440441813318,94.08211518740026,35.37,2022-10-19
546,2022-10-21,30.7068586872052,-28.35764837874025,89.59718406259661,34.34,2022-10-20
547,2022-10-22,25.737331835694867,-37.668921229728674,82.00839637882281,21.91,2022-10-21
548,2022-10-23,24.052668131736,-33.86825306805735,80.83240630387122,17.54,2022-10-22
549,2022-10-24,31.277009736494115,-28.006927039863765,88.57726311966115,23.55,2022-10-23
550,2022-10-25,32.5860083459198,-26.974252547792265,92.45529655456386,25.76,2022-10-24
551,2022-10-26,34.725685675261516,-24.433428549919192,92.44583094304211,23.44,2022-10-25
552,2022-10-27,37.25740622319974,-22.541486813500594,94.86811413064405,19.87,2022-10-26
553,2022-10-28,31.13120921090924,-30.511606927584797,86.35445251052344,20.19,2022-10-27
554,2022-10-29,25.7135022724427,-33.01450160803735,86.09815675965648,16.85,2022-10-28
555,2022-10-30,23.128055963186206,-34.99997682660041,86.75425840125294,11.95,2022-10-29
556,2022-10-31,30.221889785405033,-25.977486473539397,86.68259250220189,23.93,2022-10-30
557,2022-11-01,30.91240352608134,-27.210981835146026,88.63120236043792,18.52,2022-10-31
558,2022-11-02,32.186550513884086,-26.218173336958305,88.89524749154843,21.23,2022-11-01
559,2022-11-03,34.51096968899914,-24.357329809221266,94.27577219524362,33.66,2022-11-02
560,2022-11-04,27.82711685077967,-30.961011541014624,86.45825386937297,23.53,2022-11-03
561,2022-11-05,22.022879390188848,-35.146487001056336,84.00557738730733,15.61,2022-11-04
562,2022-11-06,20.32373704704412,-39.10389267681785,78.9512869615219,15.6,2022-11-05
563,2022-11-07,26.15734236534483,-33.28373272532334,89.04960025044825,22.12,2022-11-06
564,2022-11-08,26.21124524720121,-31.64112905434856,88.93655202488175,56.99,2022-11-07
565,2022-11-09,29.338592897546736,-29.049265114934105,89.02756278334125,61.05,2022-11-08
566,2022-11-10,31.18263846662815,-28.391566743438826,90.02834890625807,43.17,2022-11-09
567,2022-11-11,25.900296596224226,-27.959880553831393,89.56437355606629,29.64,2022-11-10
568,2022-11-12,19.36645705980036,-37.99499213138234,78.63832084993025,20.45,2022-11-11
569,2022-11-13,18.430956911378104,-40.58002912559445,78.83743160292833,20.23,2022-11-12
570,2022-11-14,25.920033431270834,-28.5544637039495,86.88071563502558,24.19,2022-11-13
571,2022-11-15,26.891203792941916,-29.32536726280708,86.09710191364137,23.9,2022-11-14
572,2022-11-16,28.503823099035888,-28.71322432645532,82.04929333268458,21.84,2022-11-15
573,2022-11-17,31.646676881985513,-28.20091907855596,87.22922846864464,23.17,2022-11-16
574,2022-11-18,25.759737058004575,-35.97030858827176,83.80303795899846,18.79,2022-11-17
575,2022-11-19,21.10888057022704,-37.91812105186304,79.81637491741004,16.21,2022-11-18
576,2022-11-20,19.64661066224353,-42.93110658641406,74.98705010681023,16.27,2022-11-19
577,2022-11-21,27.231489129492466,-31.33292397997335,84.2540922469466,17.63,2022-11-20
578,2022-11-22,28.537033799926213,-28.67463668375824,89.83757988361836,19.35,2022-11-21
579,2022-11-23,31.595325966425854,-29.80213745772833,88.02290126476319,16.84,2022-11-22
580,2022-11-24,33.64227829818304,-25.37560594636727,88.39888379902249,15.76,2022-11-23
581,2022-11-25,28.482366258852185,-30.663929688135568,89.90903123873994,14.24,2022-11-24
582,2022-11-26,22.84761139660861,-37.68438071268417,82.49046901607211,13.58,2022-11-25
583,2022-11-27,21.849685295210527,-39.241249814022126,79.13629812979423,13.38,2022-11-26
584,2022-11-28,28.603869828898638,-32.14759173655671,89.13177118509395,17.83,2022-11-27
585,2022-11-29,29.82886362885578,-27.64994606207896,90.54147902568378,14.87,2022-11-28
586,2022-11-30,31.498495901114268,-30.06970303992373,94.25699412750052,16.57,2022-11-29
587,2022-12-01,33.73647775189235,-28.284619088524124,93.56345413400106,16.79,2022-11-30
588,2022-12-02,28.582160817478933,-30.34253912102736,86.941068052658,15.94,2022-12-01
589,2022-12-03,22.069593788499535,-32.67426457639172,78.6793317788677,14.84,2022-12-02
590,2022-12-04,20.931373917970525,-42.585804926146615,76.6959372987861,14.34,2022-12-03
591,2022-12-05,26.591899564311735,-33.42345719797106,83.37540470783051,17.8,2022-12-04
592,2022-12-06,27.702944089232755,-30.508332693003336,85.02835382330301,18.9,2022-12-05
593,2022-12-07,29.525984066665384,-30.096927586208306,88.24157591186001,21.69,2022-12-06
594,2022-12-08,30.697390272904435,-27.93166104485102,88.80102607275242,19.29,2022-12-07
595,2022-12-09,25.01267342174237,-36.03899312984058,82.1644262377001,42.48,2022-12-08
596,2022-12-10,17.943469516799187,-39.10716727771113,77.04784848702367,19.15,2022-12-09
597,2022-12-11,16.880408826593715,-42.851688687835285,74.99670534578605,21.17,2022-12-10
598,2022-12-12,22.216762413862785,-37.638928101149475,79.29802556254579,20.84,2022-12-11
599,2022-12-13,22.385164945197555,-36.47812040074946,76.90065546656146,22.37,2022-12-12
600,2022-12-14,23.806432230903052,-35.68541801322827,80.85456926200018,19.71,2022-12-13
601,2022-12-15,25.50326595594954,-33.23824804178724,82.79860832693883,21.17,2022-12-14
602,2022-12-16,21.02470215757572,-37.06264554042663,77.78913195253867,22.8,2022-12-15
603,2022-12-17,13.85118078359593,-49.73016136980852,69.38637048803437,17.19,2022-12-16
604,2022-12-18,12.056213224032485,-51.279895279307134,74.409549820486,16.86,2022-12-17
605,2022-12-19,18.310526657872433,-44.71709963715844,76.26068472009823,17.9,2022-12-18
606,2022-12-20,20.294785301505723,-36.65977606527457,74.40202505800644,19.84,2022-12-19
607,2022-12-21,22.392813717771617,-36.506170126203585,81.80496169588842,19.61,2022-12-20
608,2022-12-22,24.080095375301614,-36.841056449898005,82.74963620723672,18.21,2022-12-21
609,2022-12-23,19.027676128071885,-40.535688012431116,80.80890863667291,16.61,2022-12-22
610,2022-12-24,14.412050483364705,-47.67276439143012,75.528220021064,13.95,2022-12-23
611,2022-12-25,12.984065198313207,-45.743060174546024,71.1919069848224,13.67,2022-12-24
612,2022-12-26,20.405551733337063,-40.105691337802725,79.2053438605221,14.72,2022-12-25
613,2022-12-27,22.341586695951086,-34.79782747477121,82.98898400252698,18.56,2022-12-26
614,2022-12-28,25.255763017181984,-35.255812106814794,81.8055170759766,19.63,2022-12-27
615,2022-12-29,28.75561178456395,-29.422562085249922,86.48239980893959,20.06,2022-12-28
616,2022-12-30,24.425360584592582,-37.779237461450656,80.14318702498856,20.56,2022-12-29
617,2022-12-31,19.732110824907792,-39.043442794702564,73.85847077727534,19.59,2022-12-30
618,2023-01-01,19.365359684709535,-38.923672267542784,79.63027080000049,18.04,2022-12-31
619,2023-01-02,27.211450844205793,-31.49024117778625,84.6624442180664,20.59,2023-01-01
620,2023-01-03,29.284574960399382,-30.936214127230787,90.50338385784806,22.27,2023-01-02
621,2023-01-04,32.38871564975531,-25.57962067314968,89.3218039568779,29.51,2023-01-03
622,2023-01-05,35.16855167754791,-26.244727882597353,87.53465410767873,25.71,2023-01-04
623,2023-01-06,30.74985951329296,-24.67393671011211,86.54638915288626,24.52,2023-01-05
624,2023-01-07,25.617368897938235,-31.683680529169976,81.39836372948403,18.72,2023-01-06
625,2023-01-08,24.9311702138031,-35.10401808095312,84.23443173330129,22.17,2023-01-07
626,2023-01-09,31.583513479002416,-28.351339882790278,87.57292607152253,26.54,2023-01-08
627,2023-01-10,32.69277133326299,-28.432012814395673,89.69361532345336,24.83,2023-01-09
628,2023-01-11,35.72651138290942,-23.51990064804909,92.43189877553793,25.47,2023-01-10
629,2023-01-12,36.631559792877,-20.505989291334444,93.09434256995569,25.4,2023-01-11
630,2023-01-13,31.879360764588128,-24.26694946073056,89.50608646293283,29.48,2023-01-12
631,2023-01-14,25.92945385162141,-29.535382622159293,85.32226508994601,27.99,2023-01-13
632,2023-01-15,24.46447897188338,-31.50015444758569,82.16294428837227,23.74,2023-01-14
633,2023-01-16,30.610900287970534,-30.373885998339148,89.12384622792348,27.89,2023-01-15
634,2023-01-17,31.083267139343416,-26.619577282448674,90.52080798148118,26.89,2023-01-16
635,2023-01-18,33.25028860629478,-26.767899704004364,89.42490248001054,33.56,2023-01-17
636,2023-01-19,34.560308900533734,-22.71261019926035,92.01633945542332,24.75,2023-01-18
637,2023-01-20,28.634126406449475,-32.90340416543913,87.91124735107077,25.72,2023-01-19
638,2023-01-21,22.791239983841336,-35.38407840138692,82.13034047505263,21.07,2023-01-20
639,2023-01-22,20.677612734199347,-39.98442761810708,80.34051239006101,19.31,2023-01-21
640,2023-01-23,27.189356394559816,-31.732367515984212,90.72056888757199,23.12,2023-01-22
641,2023-01-24,27.467580520669053,-24.1577583491986,89.46171751916476,30.75,2023-01-23
642,2023-01-25,29.510536613315928,-28.669114697156875,87.91187059885264,25.83,2023-01-24
643,2023-01-26,30.849855374819256,-26.862789361168797,91.97123897195603,26.21,2023-01-25
644,2023-01-27,25.47377928150399,-35.74164553326875,84.19273574983029,25.38,2023-01-26
645,2023-01-28,19.907266387458144,-35.912801064880206,73.69269034292039,18.81,2023-01-27
646,2023-01-29,19.48068244810697,-38.41800638568201,82.60310903103935,23.14,2023-01-28
647,2023-01-30,26.35105512646723,-35.39608634797687,88.28018923676393,21.83,2023-01-29
648,2023-01-31,26.720377597685797,-31.018210438270792,80.83056514331204,30.25,2023-01-30
649,2023-02-01,29.273184744237938,-25.778804714156095,86.39292358942907,30.95,2023-01-31
650,2023-02-02,32.38586000275606,-24.10819926783307,88.25908373558492,32.39,2023-02-01
651,2023-02-03,28.204649921572987,-28.821867450316404,90.72447668880544,33.69,2023-02-02
652,2023-02-04,22.888028435790247,-38.90417236892802,84.38335337919166,26.32,2023-02-03
653,2023-02-05,22.66724406674612,-34.47657090276744,79.40459285760814,23.79,2023-02-04
654,2023-02-06,29.308290590893982,-28.307021093314127,88.53646265895925,28.48,2023-02-05
655,2023-02-07,31.431447935336465,-26.721650268849704,87.97203127719223,36.82,2023-02-06
656,2023-02-08,33.7746530681603,-22.20342722990317,88.4823193727318,38.66,2023-02-07
657,2023-02-09,36.778325534057075,-19.668121531590316,95.51537482414221,40.35,2023-02-08
658,2023-02-10,32.14254848123038,-23.32465932391219,87.31085043409271,29.37,2023-02-09
659,2023-02-11,26.419271143223547,-28.45808256017367,86.2320075128982,21.42,2023-02-10
660,2023-02-12,24.873258605219466,-31.156439825278422,81.57198076238065,21.07,2023-02-11
661,2023-02-13,31.509133686435078,-26.63446949028599,90.39494663526733,29.6,2023-02-12
662,2023-02-14,32.650122923553795,-24.33047733164671,88.39744752609583,64.06,2023-02-13
663,2023-02-15,34.85844163621128,-21.33589994219192,94.15090763003296,42.44,2023-02-14
664,2023-02-16,36.63346340751907,-20.34823086397664,91.37587974276076,44.45,2023-02-15
665,2023-02-17,30.42771113317117,-23.594159412283435,87.73204696807899,40.14,2023-02-16
666,2023-02-18,24.359414590329806,-36.287943963264404,82.85119175833617,30.63,2023-02-17
667,2023-02-19,22.5051213812771,-32.4227832487708,80.70053485924694,29.67,2023-02-18
668,2023-02-20,26.95875852793305,-32.3606093581829,85.63865482480436,37.17,2023-02-19
669,2023-02-21,26.718942394328575,-30.31043221541014,84.99451700209664,37.35,2023-02-20
670,2023-02-22,27.955839890012292,-26.275817183969675,85.38535205458606,40.87,2023-02-21
671,2023-02-23,28.75857908759682,-28.68963449677083,91.6508400569263,42.64,2023-02-22
672,2023-02-24,21.857669266385173,-37.16063508656819,77.90832715047759,34.96,2023-02-23
673,2023-02-25,15.029853959091882,-45.25948860464827,71.30132425029007,24.66,2023-02-24
674,2023-02-26,11.78208203984059,-45.10435576501515,68.95244673254341,24.31,2023-02-25
675,2023-02-27,16.439123955918724,-40.52811048290668,74.15192731975097,27.33,2023-02-26
676,2023-02-28,16.50316443472196,-40.799411374217975,74.59682247333669,29.02,2023-02-27
677,2023-03-01,17.531637191521828,-36.936597012788255,74.65378517220216,35.83,2023-02-28
678,2023-03-02,18.214859316143528,-36.99385989905244,76.53468873932681,33.61,2023-03-01
679,2023-03-03,11.203121916851064,-46.38358141718658,67.44712111230896,34.76,2023-03-02
680,2023-03-04,4.422714616109402,-51.013810469569954,59.85950040032668,27.05,2023-03-03
681,2023-03-05,2.0048871781640143,-51.66860557718084,61.74695587409,29.31,2023-03-04
682,2023-03-06,8.05282645987146,-48.722552127190056,66.36666039291231,37.98,2023-03-05
683,2023-03-07,8.116572512524739,-48.32621513291381,66.84384068513879,37.76,2023-03-06
684,2023-03-08,10.306761400964385,-48.23132058361668,67.91434236189524,37.32,2023-03-07
685,2023-03-09,11.158233334489609,-40.083704280843044,71.01212319588736,40.55,2023-03-08
686,2023-03-10,6.344063727167601,-48.648337439408685,66.74232026848591,36.92,2023-03-09
687,2023-03-11,0.8210548499363481,-55.0583667037216,60.845875929307475,101.26,2023-03-10
688,2023-03-12,0.009558845390255755,-55.40869630711227,54.29770312194109,30.9,2023-03-11
689,2023-03-13,6.798849647926845,-50.129498762646264,61.63574654538236,39.89,2023-03-12
690,2023-03-14,9.071841690697669,-49.298512085343624,64.03920876914832,36.15,2023-03-13
691,2023-03-15,11.357496226900839,-44.6853770001802,69.04525760596314,32.87,2023-03-14
692,2023-03-16,13.951799312297513,-41.70153849375817,69.96795766729653,29.15,2023-03-15
693,2023-03-17,8.847890530330353,-49.80297406056254,69.1876515195582,28.88,2023-03-16
694,2023-03-18,3.9781805690091563,-55.27397561635535,62.51664157646464,21.37,2023-03-17
695,2023-03-19,2.3139438323115122,-55.138768772850135,53.96913161612288,22.36,2023-03-18
696,2023-03-20,9.668786257574434,-48.536406924686545,73.82202724259491,24.99,2023-03-19
697,2023-03-21,10.944671154643533,-44.8701955794243,69.32256759273885,22.84,2023-03-20
698,2023-03-22,13.583924230885568,-41.241845665215436,70.91177065943354,23.67,2023-03-21
699,2023-03-23,15.912925691458518,-41.51394125390458,72.74049755117059,27.1,2023-03-22
700,2023-03-24,10.893444098252115,-44.50819343342667,66.52659374923374,26.62,2023-03-23
701,2023-03-25,4.6603088598370075,-54.59463790923693,63.571439243039784,20.36,2023-03-24
702,2023-03-26,3.355014166536416,-52.619180619294745,61.86596067136052,22.16,2023-03-25
703,2023-03-27,9.773439380966419,-47.773204275786746,64.71501112375776,32.61,2023-03-26
704,2023-03-28,10.525473620613605,-45.61249493832375,68.13307842056125,33.3,2023-03-27
705,2023-03-29,12.717409761523388,-43.082892373417565,67.15206630531293,34.6,2023-03-28
706,2023-03-30,14.062810098916495,-46.31882908504241,70.21755580264146,37.4,2023-03-29
707,2023-03-31,8.937246346608804,-47.880948943632475,67.6816392001909,31.44,2023-03-30
708,2023-04-01,2.5163472366393167,-51.5127186181951,61.00513976873041,24.74,2023-03-31
709,2023-04-02,0.729719866885433,-59.57579970045063,61.94443278192043,23.68,2023-04-01
710,2023-04-03,6.344915753395624,-51.49683179700951,66.37770381130447,33.29,2023-04-02
711,2023-04-04,6.204545865549516,-53.22256505545254,60.429857547914146,34.82,2023-04-03
712,2023-04-05,7.518570606460127,-50.30447580351421,65.39284126194187,38.41,2023-04-04
713,2023-04-06,9.051699165577935,-46.83197650969173,68.02965501886189,33.04,2023-04-05
714,2023-04-07,3.3963820259898605,-52.049836271893476,58.9173022982245,27.94,2023-04-06
715,2023-04-08,-3.279347832137095,-62.49859495812412,52.26373855500858,25.17,2023-04-07
716,2023-04-09,-5.1247575641762815,-63.154357433887085,49.56429531778553,24.1,2023-04-08
717,2023-04-10,1.153589686362288,-55.849619677203485,57.27374883241619,28.42,2023-04-09
718,2023-04-11,1.2877423998762865,-52.486658732882816,59.18845793420007,33.68,2023-04-10
719,2023-04-12,2.738429502847413,-53.37853482115098,56.95955073712476,26.82,2023-04-11
720,2023-04-13,4.344105672376702,-52.00524835622424,66.0064220285559,35.56,2023-04-12
721,2023-04-14,-1.614841051705584,-61.34608151016297,58.87066768132502,33.95,2023-04-13
722,2023-04-15,-6.463666458804365,-66.55455093523109,50.212064701324636,27.1,2023-04-14
723,2023-04-16,-8.241803876481619,-65.08503637959483,45.647420374096455,30.47,2023-04-15
724,2023-04-17,-1.2378368321909843,-61.008148549650706,53.77036107543306,39.51,2023-04-16
725,2023-04-18,-0.47439636922315387,-58.71344531080154,52.63559379631632,60.82,2023-04-17
726,2023-04-19,2.210216879188191,-51.583048531786005,63.20941205853271,81.94,2023-04-18
727,2023-04-20,5.29636525110987,-52.36158356501774,62.60476936286684,76.59,2023-04-19
728,2023-04-21,1.3799368529206841,-58.90091180039318,54.9334477540711,46.37,2023-04-20
729,2023-04-22,-3.2280591501631726,-59.20170376317285,52.77192699481381,43.83,2023-04-21
730,2023-04-23,-3.7156269036563554,-55.40383435065947,53.27671038576755,48.45,2023-04-22
731,2023-04-24,3.0548233890053464,-54.29797077977171,59.032252387562345,51.48,2023-04-23
732,2023-04-25,5.005797467693746,-52.86649096898793,61.44843406812763,44.42,2023-04-24
733,2023-04-26,8.056411274367848,-49.33645696090255,64.14423788075851,46.89,2023-04-25
734,2023-04-27,10.985984649975096,-46.31297138421222,67.83471359359227,43.42,2023-04-26
735,2023-04-28,6.22688536343954,-48.432379420308756,65.017196758053,43.63,2023-04-27
736,2023-04-29,0.5539942037297338,-56.66111394745692,54.96978368169132,41.25,2023-04-28
737,2023-04-30,0.6079744704699808,-59.35687118919807,56.99975830180184,50.58,2023-04-29
738,2023-05-01,7.639044443256689,-47.47326153441798,62.86703939020028,77.13,2023-04-30
739,2023-05-02,9.854531659079464,-47.820001700984584,68.27725446380646,95.05,2023-05-01
740,2023-05-03,12.390442078207535,-44.51864331722645,66.89041021664899,83.76,2023-05-02
741,2023-05-04,15.682075453554292,-41.77198628551662,76.78007700728612,86.49,2023-05-03
742,2023-05-05,10.558391084089081,-46.66647777724985,66.71672519764262,155.84,2023-05-04
743,2023-05-06,6.5664170468993275,-48.32270814205988,59.559679393338214,150.69,2023-05-05
744,2023-05-07,6.676477339589665,-49.52897255654922,63.6982800229171,125.19,2023-05-06
745,2023-05-08,14.496680144705191,-40.453223580733,72.46941753860824,122.49,2023-05-07
746,2023-05-09,16.269014458216805,-44.599194383005674,71.83578577981163,103.19,2023-05-08
747,2023-05-10,18.328196774366404,-40.355336812424255,75.92786928503682,108.13,2023-05-09
748,2023-05-11,20.63060658978944,-38.459977668382365,77.74863596865984,113.38,2023-05-10
749,2023-05-12,16.11668842714393,-39.92091570447756,81.35467914279636,77.85,2023-05-11
750,2023-05-13,9.700326242893125,-51.60478304760127,66.78183103234583,49.68,2023-05-12
751,2023-05-14,7.738283428681687,-45.7436760460153,70.99652897783822,48.38,2023-05-13
752,2023-05-15,13.48022211709571,-43.13750172121994,70.07011544418606,68.04,2023-05-14
753,2023-05-16,15.161981027298818,-40.16111182594765,79.13247816504006,64.37,2023-05-15
754,2023-05-17,15.484130994437425,-43.37015646797142,73.34089697358098,60.51,2023-05-16
755,2023-05-18,17.111708501256466,-39.03746833482178,70.9514832789028,61.43,2023-05-17
756,2023-05-19,10.908989693027358,-42.97806520678125,64.77785900929254,53.95,2023-05-18
757,2023-05-20,4.429759888275004,-54.29658093864198,61.251855081143546,38.59,2023-05-19
758,2023-05-21,2.8157192713697157,-50.63664151127412,58.65348053237424,40.75,2023-05-20
759,2023-05-22,8.16205506546142,-48.38298085391956,66.07820314521464,54.74,2023-05-21
760,2023-05-23,9.317422266935214,-47.71110646770299,66.48474362738726,61.47,2023-05-22
761,2023-05-24,11.448041445463335,-46.1397189674366,68.71711846427763,51.26,2023-05-23
762,2023-05-25,12.103196250585244,-47.583894840266865,67.07386919310102,47.96,2023-05-24
763,2023-05-26,7.6826274387645475,-51.58900684236309,66.93367733121927,38.3,2023-05-25
764,2023-05-27,1.4891256581558387,-56.901601689277335,61.45133051882279,30.86,2023-05-26
765,2023-05-28,-0.09498528238661486,-56.392551162620194,58.034947599440514,35.3,2023-05-27
766,2023-05-29,5.472068190313955,-53.854547787487974,62.020926315869296,43.75,2023-05-28
767,2023-05-30,7.214681975938002,-46.959646998091536,64.26756338057734,52.79,2023-05-29
768,2023-05-31,9.184616045019393,-48.50206783836165,63.66810733518366,45.64,2023-05-30
769,2023-06-01,11.198834674936258,-47.30841428928779,66.66762319079953,46.43,2023-05-31
770,2023-06-02,6.3521245811903135,-46.4581165634337,64.30081790289678,37.54,2023-06-01
771,2023-06-03,0.9482442576734709,-58.430446436432526,58.25124740511222,29.19,2023-06-02
772,2023-06-04,-0.4100949621878165,-58.962487753843355,55.31839311235844,26.54,2023-06-03
773,2023-06-05,5.980923732393972,-50.45982552326148,63.78935749089448,42.77,2023-06-04
774,2023-06-06,8.34118225176609,-53.22323878896305,66.52315583660793,32.44,2023-06-05
775,2023-06-07,10.363930833562803,-42.44666703863812,64.350715906016,28.58,2023-06-06
776,2023-06-08,12.04475543064876,-42.23001575631059,70.87696765310312,29.88,2023-06-07
777,2023-06-09,7.576432242833601,-51.21000307594505,66.1304660050854,27.11,2023-06-08
778,2023-06-10,1.4970172374278068,-53.35750015656754,63.256686607574146,29.35,2023-06-09
779,2023-06-11,0.05427286154718125,-58.57316274669764,57.51201461252726,22.46,2023-06-10
780,2023-06-12,7.356263050938612,-50.637158767666875,62.601931520082886,22.16,2023-06-11
781,2023-06-13,8.383265658071881,-43.158684711651695,63.469392516296786,21.16,2023-06-12
782,2023-06-14,10.431124450384509,-46.05912606185777,68.08961550204837,26.85,2023-06-13
783,2023-06-15,11.923214831998042,-45.33464385143865,70.8511321869469,23.77,2023-06-14
784,2023-06-16,7.6988656191836355,-44.38540702352552,63.70372979291496,25.51,2023-06-15
785,2023-06-17,1.509890139438724,-54.66108983690783,59.16407610938597,22.78,2023-06-16
786,2023-06-18,0.19692162894309284,-58.33671950856718,55.1190232840134,19.26,2023-06-17
787,2023-06-19,6.725198297890074,-50.54948224496151,64.81864577632392,23.8,2023-06-18
788,2023-06-20,7.88195694920425,-48.936023191363056,65.29847301444913,23.49,2023-06-19
789,2023-06-21,9.40454694007018,-46.88577422837755,71.43639266226438,25.91,2023-06-20
790,2023-06-22,11.212317016157733,-46.33883436410992,69.62664174684099,21.75,2023-06-21
791,2023-06-23,6.05815924896751,-50.27544322854467,62.85004679961166,24.16,2023-06-22
792,2023-06-24,0.41571561782964395,-59.822163871218834,59.95620612748141,19.46,2023-06-23
793,2023-06-25,-1.4951931212159408,-54.84955514373844,56.737956061824285,16.58,2023-06-24
794,2023-06-26,4.658265586862955,-58.514194730527386,62.464457767051364,18.36,2023-06-25
795,2023-06-27,5.549301814743059,-47.214413800374736,66.56459550315856,23.75,2023-06-26
796,2023-06-28,6.922053429299134,-51.19477629598585,65.15261244606829,25.02,2023-06-27
797,2023-06-29,8.38042533702307,-44.71053756231916,69.7857221283408,38.65,2023-06-28
798,2023-06-30,3.549093750726774,-58.16868900520649,60.80713246585186,34.62,2023-06-29
799,2023-07-01,-2.991842510505096,-59.977708453108086,53.09879161169053,21.91,2023-06-30
800,2023-07-02,-4.6843588797814615,-61.78161780834763,52.21378776670352,18.91,2023-07-01
801,2023-07-03,1.293405892963305,-56.43875100224453,56.063280366722864,25.57,2023-07-02
802,2023-07-04,2.2237919018208334,-55.43078106078111,56.842467881076985,29.85,2023-07-03
803,2023-07-05,3.803043569966418,-53.59851403989693,60.19442799415457,57.57,2023-07-04
804,2023-07-06,5.826653065470246,-51.092358507578766,61.154259940612505,43.88,2023-07-05
805,2023-07-07,0.22148531548112516,-57.65972292708926,58.589268437390544,37.1,2023-07-06
806,2023-07-08,-5.463762772378631,-62.80615877406436,50.666126915948894,23.4,2023-07-07
807,2023-07-09,-7.53057552908534,-65.95816971988941,48.48158416960944,22.28,2023-07-08
808,2023-07-10,-1.404770945273004,-59.73671588807837,56.46410216244615,26.74,2023-07-09
809,2023-07-11,-0.5038714752786841,-56.71794689417775,60.40632158170583,26.46,2023-07-10
810,2023-07-12,1.3879419504272388,-54.14077648733608,56.6942144935237,32.32,2023-07-11
811,2023-07-13,3.4361275295685196,-51.085324514509416,62.91939463531338,38.62,2023-07-12
812,2023-07-14,-2.2539837927113613,-61.81965631105374,53.93342044041565,28.94,2023-07-13
813,2023-07-15,-8.060638361724358,-68.61374208108458,50.91273460691628,18.22,2023-07-14
814,2023-07-16,-9.862631066605857,-67.83569179044453,45.29987082647326,20.79,2023-07-15
815,2023-07-17,-3.2603634511159374,-58.16963934430197,55.143659033912876,26.92,2023-07-16
816,2023-07-18,-1.7685222301188226,-59.37181358907172,56.56917974581863,35.48,2023-07-17
817,2023-07-19,0.7016523732544417,-61.1718172891874,54.36854162064529,31.91,2023-07-18
818,2023-07-20,2.504588043633685,-53.67031481442362,64.2655432380711,32.01,2023-07-19
819,2023-07-21,-2.1413266216470763,-64.14838722379464,53.65155015422302,33.37,2023-07-20
820,2023-07-22,-7.412703511266701,-62.634904874771784,44.709196612510866,23.55,2023-07-21
821,2023-07-23,-8.357462095086612,-65.93283149544746,52.69518096368944,25.07,2023-07-22
822,2023-07-24,-0.8200089842942351,-52.98322747598223,55.89351671209635,38.56,2023-07-23
823,2023-07-25,1.2480868949532127,-60.56077235684387,56.1182617618033,36.0,2023-07-24
824,2023-07-26,4.47818550921254,-50.70089423289199,57.6820628068292,31.66,2023-07-25
825,2023-07-27,7.202768033068935,-58.14213130392951,64.25152053007494,36.95,2023-07-26
826,2023-07-28,3.6432696773115616,-48.59968111941562,62.671672254922264,42.61,2023-07-27
827,2023-07-29,-1.1128849827897085,-61.63582256855919,52.63676727801861,25.94,2023-07-28
828,2023-07-30,-0.4011276975756939,-51.449470754803436,59.71036623427979,23.61,2023-07-29
829,2023-07-31,7.359400122483045,-47.26159758906933,63.59199890044093,27.66,2023-07-30
830,2023-08-01,9.267652361308642,-47.58792097388846,70.07942809546584,27.19,2023-07-31
831,2023-08-02,13.10923846420652,-44.54932458609187,68.64252013175809,29.18,2023-08-01
832,2023-08-03,16.54873619840686,-37.67503901314892,73.45130954716014,27.01,2023-08-02
833,2023-08-04,12.971784315713704,-41.7944134793333,67.73119286311814,23.31,2023-08-03
834,2023-08-05,8.61872557121508,-46.76156024734734,66.03405898729449,20.08,2023-08-04
835,2023-08-06,9.254216031723892,-49.60531355281047,65.48913718895813,18.49,2023-08-05
836,2023-08-07,16.700102546443038,-40.30824564423581,77.82030051816349,28.31,2023-08-06
837,2023-08-08,18.817890348057976,-40.23777054358667,74.69729575900715,28.85,2023-08-07
838,2023-08-09,22.56559301714772,-31.319663390212146,77.0116924246026,26.01,2023-08-08
839,2023-08-10,25.89404867638015,-33.08581752721481,80.78798001660475,26.85,2023-08-09
840,2023-08-11,21.76820340159083,-35.77291222330593,75.87578189917838,22.81,2023-08-10
841,2023-08-12,17.139825744116962,-41.98353496101429,76.21716314918066,18.0,2023-08-11
842,2023-08-13,17.12668537689307,-44.42125086029761,73.81118545613211,18.08,2023-08-12
843,2023-08-14,24.175581275038617,-30.379948818606948,79.62555964053028,25.99,2023-08-13
844,2023-08-15,25.88183959745574,-30.927519125174285,85.00466368068233,30.46,2023-08-14
845,2023-08-16,28.629468496694855,-26.107188205120934,87.5733012489589,35.79,2023-08-15
846,2023-08-17,31.11270272303495,-27.214293386169103,87.3044010909751,43.35,2023-08-16
847,2023-08-18,26.448743187627144,-31.16556725391006,81.75541065312753,29.14,2023-08-17
848,2023-08-19,21.065330852013176,-35.91823392536774,78.79533304013904,18.05,2023-08-18
849,2023-08-20,19.450573730662544,-37.83608707664504,79.55743809976947,19.06,2023-08-19
850,2023-08-21,25.9084959263859,-32.6889700950563,81.86943412222413,27.43,2023-08-20
851,2023-08-22,27.324465905171202,-30.320978406410713,83.73956857734605,36.04,2023-08-21
852,2023-08-23,29.376082109750275,-29.192795396415757,87.17183593742504,26.63,2023-08-22
853,2023-08-24,30.96073267222426,-25.22637221172248,90.09029807925309,23.91,2023-08-23
854,2023-08-25,25.573870529757606,-33.13997869596098,83.34160480800632,27.73,2023-08-24
855,2023-08-26,20.080467651131528,-35.31049448229934,72.73708950956959,16.16,2023-08-25
856,2023-08-27,17.749947422902988,-36.95050198794742,76.48597393535916,16.16,2023-08-26
857,2023-08-28,23.844699748019973,-33.47507813975855,78.72626364115756,32.09,2023-08-27
858,2023-08-29,24.959405323749827,-30.10578334725047,84.28603160922225,37.97,2023-08-28
859,2023-08-30,27.007883270614663,-36.425263740068615,83.76624972086319,26.99,2023-08-29
860,2023-08-31,28.646556109785188,-31.653541275292135,85.60444403390535,26.02,2023-08-30
861,2023-09-01,23.34606722906838,-32.072470348901994,80.1987045178206,21.95,2023-08-31
862,2023-09-02,17.44118442043237,-36.43775685989682,70.99573722991552,15.38,2023-09-01
863,2023-09-03,15.506147115521856,-44.25051195739787,69.65981038132095,15.19,2023-09-02
864,2023-09-04,21.891567164357475,-37.250422084675414,76.09342916136124,19.99,2023-09-03
865,2023-09-05,22.973863850465158,-33.15980987042834,80.02309755870672,21.91,2023-09-04
866,2023-09-06,25.235176350339376,-29.50791270806788,81.97454381796373,23.36,2023-09-05
867,2023-09-07,26.846088836341682,-32.083910024670324,86.43157636609037,22.79,2023-09-06
868,2023-09-08,21.77352644488456,-40.42340362335702,80.8618123285062,21.68,2023-09-07
869,2023-09-09,15.511297717305373,-44.263743824263315,72.53618492319679,14.21,2023-09-08
870,2023-09-10,14.387670897397385,-43.334416270030985,74.01735801524967,13.22,2023-09-09
871,2023-09-11,20.924418291775503,-37.23004827677734,76.1970906588072,26.63,2023-09-10
872,2023-09-12,21.728512541560818,-35.732759564670005,77.56176701805296,19.96,2023-09-11
873,2023-09-13,23.874231828699415,-28.69107101669783,82.77380894930145,23.83,2023-09-12
874,2023-09-14,25.97438651999586,-31.579415457283943,81.33467459625827,22.54,2023-09-13
875,2023-09-15,19.918574338337013,-40.12631178977095,76.90939150604913,20.74,2023-09-14
876,2023-09-16,14.13479634349347,-44.07728831050094,69.42538488675777,13.8,2023-09-15
877,2023-09-17,11.937682893241774,-44.00229236157004,70.13734736057204,12.18,2023-09-16
878,2023-09-18,18.49803737372174,-33.56731277204943,75.15500068055219,20.75,2023-09-17
879,2023-09-19,19.403589342272376,-39.13956052470263,78.31415071783334,16.49,2023-09-18
880,2023-09-20,21.267682357866633,-31.78871887848502,75.6198416873073,18.47,2023-09-19
881,2023-09-21,22.212494957930772,-33.17256347802643,77.8973368478547,38.88,2023-09-20
882,2023-09-22,17.007324076127723,-38.293936148274554,74.67375791840882,13.02,2023-09-21
883,2023-09-23,10.252487944576227,-47.070362034652504,66.91897200688005,10.83,2023-09-22
884,2023-09-24,8.518925699159254,-45.695841559316605,65.82448733419766,10.39,2023-09-23
885,2023-09-25,13.758438799621597,-48.28041073259459,70.15829082354684,16.69,2023-09-24
886,2023-09-26,14.141946451588224,-44.42592797629939,65.59659971903868,19.27,2023-09-25
887,2023-09-27,15.480032859387745,-43.05051015735064,68.91002333328238,15.25,2023-09-26
888,2023-09-28,16.44073337262899,-41.39764007417903,73.8559801898169,14.81,2023-09-27
889,2023-09-29,10.825930751015257,-42.441104827357925,68.57001283411716,13.04,2023-09-28
890,2023-09-30,3.4853277168250223,-50.73213685495931,63.79743303420846,11.22,2023-09-29
891,2023-10-01,1.0673184924718626,-57.33393029430286,55.0023068093429,10.83,2023-09-30
892,2023-10-02,7.1067769354573445,-48.86734762772088,64.57782699990733,22.8,2023-10-01
893,2023-10-03,6.9889037943758705,-50.09679959993736,64.88495189020932,15.05,2023-10-02
894,2023-10-04,8.82074875505598,-51.13432795798137,64.29947273917935,12.74,2023-10-03
895,2023-10-05,9.672399311088242,-43.71105197639477,68.85351764983147,12.19,2023-10-04
896,2023-10-06,3.6473362059990517,-54.29012066484836,58.12145114493907,11.12,2023-10-05
897,2023-10-07,-2.4547738236539107,-59.1305486738111,53.42997685522041,9.226,2023-10-06
898,2023-10-08,-4.0150578359232405,-63.62002694573869,51.98059492785447,8.804,2023-10-07
899,2023-10-09,1.6575959647535674,-56.797420207668694,60.381575251135374,11.29,2023-10-08
900,2023-10-10,2.6038860918272055,-55.14797855691472,63.80054868470272,10.42,2023-10-09
901,2023-10-11,4.858820825299985,-54.1098790553644,63.44662402919569,10.81,2023-10-10
902,2023-10-12,6.748171646038525,-50.861574699393366,60.33980900771267,11.57,2023-10-11
903,2023-10-13,2.037528519725771,-51.21867933356393,63.97479732321322,11.61,2023-10-12
904,2023-10-14,-3.625628246078902,-60.61917349633774,57.4791968062062,7.941,2023-10-13
905,2023-10-15,-4.73723493572416,-64.515611441461,52.24171586005105,8.6,2023-10-14
906,2023-10-16,2.1836036601132465,-56.53393654652506,57.33847522956872,14.85,2023-10-15
907,2023-10-17,3.8123173223836826,-48.47567696762664,60.44329502568744,12.34,2023-10-16
908,2023-10-18,6.020943872618907,-46.353867534109476,60.1974121195252,12.82,2023-10-17
909,2023-10-19,8.532730570082995,-45.937398365086004,64.29637293795305,13.18,2023-10-18
910,2023-10-20,5.095971395618629,-51.739560450637455,56.299659298532724,16.98,2023-10-19
911,2023-10-21,-1.2529836738693056,-57.3656532034339,53.542044826053136,11.31,2023-10-20
912,2023-10-22,-0.8435266962927201,-57.997984907533926,57.17908383144632,11.48,2023-10-21
913,2023-10-23,5.740556527637459,-51.34171895838547,61.45987921565787,25.9,2023-10-22
914,2023-10-24,7.846654408809397,-51.307078423040544,60.89754774230964,31.36,2023-10-23
915,2023-10-25,10.248145191307712,-48.282049894427374,66.64820289886099,29.65,2023-10-24
916,2023-10-26,12.317416704671896,-49.2484086502796,66.10248612782748,28.96,2023-10-25
917,2023-10-27,8.065630358123322,-47.79229152493872,65.43347776189327,22.92,2023-10-26
918,2023-10-28,2.2175294605896028,-51.260229016266855,58.7357451147431,17.66,2023-10-27
919,2023-10-29,1.578800061229666,-55.79666098068536,56.92027123135219,18.11,2023-10-28
920,2023-10-30,8.622846778540051,-47.41835076164571,61.79798040511037,27.25,2023-10-29
921,2023-10-31,9.569039195064146,-47.08315414550209,64.25123387993747,29.03,2023-10-30
922,2023-11-01,10.429230636174816,-49.33173460948119,67.58838649140495,30.5,2023-10-31
923,2023-11-02,13.949939442193411,-40.73879694604797,72.82200744473867,30.07,2023-11-01
924,2023-11-03,8.013496542772092,-52.3349053135446,67.0065207841301,26.83,2023-11-02
925,2023-11-04,2.2828064249798317,-50.52500171846567,61.27755268320812,20.08,2023-11-03
926,2023-11-05,0.15594154657795656,-56.14801694713927,59.81937166290658,23.09,2023-11-04
927,2023-11-06,7.739472123381514,-48.54896582391852,63.65294959594707,34.96,2023-11-05
928,2023-11-07,8.700136503650475,-52.416208769844474,67.8823958936229,31.76,2023-11-06
929,2023-11-08,9.569672715387874,-47.08187469406394,62.007194953602614,36.84,2023-11-07
930,2023-11-09,11.968677879479083,-45.24876444020715,69.2740937983172,57.1,2023-11-08
931,2023-11-10,6.999998499627291,-46.77497737371688,60.021421452886315,44.57,2023-11-09
932,2023-11-11,1.5281937240540788,-53.36279301601044,57.57874999753698,33.77,2023-11-10
933,2023-11-12,0.332399375793095,-54.504260329441685,54.685158385428906,32.89,2023-11-11
934,2023-11-13,7.327030114585715,-48.53426261560758,61.77725162082419,54.34,2023-11-12
935,2023-11-14,9.057810625160784,-49.77766465307753,64.96034201242526,42.77,2023-11-13
936,2023-11-15,11.517309384287017,-40.78441988338173,66.70971625887151,39.41,2023-11-14
937,2023-11-16,14.233493252943234,-36.54657536682742,69.85032065168366,39.56,2023-11-15
938,2023-11-17,9.013120214862544,-48.88128213897118,70.79542979380834,32.58,2023-11-16
939,2023-11-18,4.408493361943725,-48.8800767109485,59.8570660722846,27.28,2023-11-17
940,2023-11-19,3.8275035699049784,-52.884602185013186,56.156200985305546,24.84,2023-11-18
941,2023-11-20,10.78209036363287,-44.158850608805196,71.6559118209523,45.13,2023-11-19
942,2023-11-21,12.31994045755497,-43.388780236612085,66.08659031362242,45.64,2023-11-20
943,2023-11-22,15.03252808249704,-38.62277799761578,72.09203056720396,45.16,2023-11-21
944,2023-11-23,18.09413411478973,-35.665294792404744,70.52875234991949,37.34,2023-11-22
945,2023-11-24,13.975491021814715,-42.30352130802828,70.79437950437196,33.26,2023-11-23
946,2023-11-25,9.5166827793219,-49.193955740789235,65.42005783140777,26.14,2023-11-24
947,2023-11-26,8.864738602605359,-48.68483035242872,62.678213955703804,28.53,2023-11-25
948,2023-11-27,15.249675140889627,-40.21845973887376,72.41295380661856,37.58,2023-11-26
949,2023-11-28,17.23478975700855,-35.41676226252061,73.4481207704538,46.07,2023-11-27
950,2023-11-29,20.392180852788673,-33.89884195912171,76.92538091599147,42.54,2023-11-28
951,2023-11-30,21.895065177792645,-31.511069462862853,76.26935024094777,51.29,2023-11-29
952,2023-12-01,17.720829943206784,-40.313221303101194,74.58726158033643,47.9,2023-11-30
953,2023-12-02,11.55416406644779,-43.35585605365914,66.46353432714372,39.05,2023-12-01
954,2023-12-03,10.620297163164512,-46.49315519863827,62.63375388570028,37.56,2023-12-02
955,2023-12-04,17.715975270223822,-39.2602380602036,68.31880338911903,52.28,2023-12-03
956,2023-12-05,19.569779427295604,-37.45710523349606,74.7004266726469,62.25,2023-12-04
957,2023-12-06,21.223623114640013,-32.49054834482526,77.83711732753213,61.93,2023-12-05
958,2023-12-07,22.99506551877655,-34.498121790258786,81.53161635862097,55.54,2023-12-06
959,2023-12-08,18.118951821296434,-40.83339374131629,73.15819667358996,47.39,2023-12-07
960,2023-12-09,11.956975968013635,-47.25515275030003,71.21359694809149,38.3,2023-12-08
961,2023-12-10,10.244295566544613,-45.21727804187062,67.74455769169577,38.09,2023-12-09
962,2023-12-11,16.485814522433536,-40.48268674817373,65.68741074041993,41.51,2023-12-10
963,2023-12-12,17.496710420711675,-39.515331728648604,70.00363591036874,50.12,2023-12-11
964,2023-12-13,19.637194689051036,-37.54094809945704,75.93324237942102,53.1,2023-12-12
965,2023-12-14,20.990711572397096,-36.43920914151318,76.58337245579797,50.49,2023-12-13
966,2023-12-15,16.03075869694946,-39.39406078102535,69.61841213307657,62.41,2023-12-14
967,2023-12-16,9.819675386767788,-45.39960940276652,68.3778140824698,56.14,2023-12-15
968,2023-12-17,8.363956307962903,-47.672252173277315,62.307533753170524,43.04,2023-12-16
969,2023-12-18,14.679469786551241,-42.40330420718329,68.59515056196975,65.14,2023-12-17
970,2023-12-19,16.823871028042177,-39.01554052965488,75.66954016700542,59.46,2023-12-18
971,2023-12-20,18.73050834139082,-38.70090779701905,74.52166201493887,59.9,2023-12-19
972,2023-12-21,21.78632562322414,-35.672277024123375,76.72705339862614,44.68,2023-12-20
973,2023-12-22,16.70455823527679,-39.774397945120526,70.61489498790934,37.78,2023-12-21
974,2023-12-23,11.379611470560832,-41.618462775933615,67.67170904923844,25.84,2023-12-22
975,2023-12-24,10.87185806245693,-45.361808266440434,65.20003624654103,25.76,2023-12-23
976,2023-12-25,17.390896975894687,-37.563564828278366,70.374424753662,26.05,2023-12-24
977,2023-12-26,19.792543361920544,-37.956667572549826,76.22920481029657,22.21,2023-12-25
978,2023-12-27,22.52982452330041,-28.795911202157015,77.41197936235936,31.48,2023-12-26
979,2023-12-28,25.469027421330665,-32.562591884663455,81.72197775399117,34.07,2023-12-27
980,2023-12-29,20.956701633286958,-36.39573640193094,72.28063100831127,28.03,2023-12-28
981,2023-12-30,16.369709710076823,-42.48665519848139,67.33215648566633,22.9,2023-12-29
982,2023-12-31,16.083785582553265,-42.09277674700419,72.05714547966477,17.38,2023-12-30
983,2024-01-01,23.25180341602325,-35.04618351263568,74.8277321205914,14.91,2023-12-31
984,2024-01-02,25.669892671410516,-30.307097041666132,75.92556068336458,22.28,2024-01-01
985,2024-01-03,29.4247159567732,-24.418209869691832,87.96118787636816,39.99,2024-01-02
986,2024-01-04,32.03853433876923,-20.841194669212236,89.34216225172,26.1,2024-01-03
987,2024-01-05,28.038349128328313,-30.553678511212777,82.32533425108075,22.82,2024-01-04
988,2024-01-06,22.469423414886098,-32.69264381152448,77.96795368865091,20.33,2024-01-05
989,2024-01-07,22.69099552629821,-34.97874203435255,74.676970125048,32.54,2024-01-06
990,2024-01-08,30.543676895879194,-25.941005494332117,85.7032441660994,27.44,2024-01-07
991,2024-01-09,32.88636087804038,-20.585490896057035,86.29628018970787,24.8,2024-01-08
992,2024-01-10,34.50983288738706,-19.581599952137882,93.1485244640635,41.56,2024-01-09
993,2024-01-11,35.88667508620727,-20.833947800304244,88.12814649885625,35.4,2024-01-10
994,2024-01-12,31.670713880021463,-24.16056982790981,85.65038618758123,27.78,2024-01-11
995,2024-01-13,26.935533207264804,-27.780029230544407,79.6281090035607,19.99,2024-01-12
996,2024-01-14,24.321435142208145,-33.52468046841792,85.66094130760781,38.79,2024-01-13
997,2024-01-15,31.659726150724776,-20.34611928302151,88.41859276813516,26.16,2024-01-14
998,2024-01-16,32.48764681220602,-25.290049771842277,88.54508399327749,36.89,2024-01-15
999,2024-01-17,34.49252604537014,-21.18459659282196,89.55444921962359,40.1,2024-01-16
1000,2024-01-18,36.5244982799368,-16.794258702244623,91.19283904868752,37.67,2024-01-17
1001,2024-01-19,31.242695070955918,-26.374396233426328,85.89179300061728,33.27,2024-01-18
1002,2024-01-20,24.827249491752127,-29.378198418214556,78.79284157050357,19.31,2024-01-19
1003,2024-01-21,23.263340592904118,-37.03380353512472,77.08675994231038,16.36,2024-01-20
1004,2024-01-22,29.602048835792942,-22.378240086337946,84.91352617300231,21.82,2024-01-21
1005,2024-01-23,30.589098015178195,-26.138216494619975,88.76755546321716,18.59,2024-01-22
1006,2024-01-24,32.478308875177575,-24.051793896180953,86.39467559194465,15.45,2024-01-23
1007,2024-01-25,33.85169154529785,-24.569608389613375,88.7677336856367,28.88,2024-01-24
1008,2024-01-26,29.145804245133483,-25.60655479478369,84.22672422881125,22.57,2024-01-25
1009,2024-01-27,23.055625335137595,-34.980079123541344,80.48422664085975,15.31,2024-01-26
1010,2024-01-28,21.263944781001086,-34.38555679052918,74.85170611315517,14.59,2024-01-27
1011,2024-01-29,28.220293597496163,-25.33971122637751,85.46899805560672,16.81,2024-01-28
1012,2024-01-30,29.728560762657523,-23.97249879603643,83.08077200426658,31.88,2024-01-29
1013,2024-01-31,32.32781304327585,-22.73342757346694,87.89199577456426,29.2,2024-01-30
1014,2024-02-01,35.329616139144704,-19.15558806786833,91.69784105285635,31.39,2024-01-31
1015,2024-02-02,30.27163349107899,-24.47637639454293,86.45591690426157,24.5,2024-02-01
1016,2024-02-03,25.126156333083042,-29.84204774523117,77.8811554825389,22.51,2024-02-02
1017,2024-02-04,25.27682187097531,-33.09183710540681,86.4650067110649,18.51,2024-02-03
1018,2024-02-05,32.95327232514465,-19.850016045974613,89.9441590670912,22.34,2024-02-04
1019,2024-02-06,34.19418568662557,-21.756767862112042,90.99435501737167,37.66,2024-02-05
1020,2024-02-07,37.190659308265694,-16.86415854533336,90.24921187003517,43.07,2024-02-06
1021,2024-02-08,39.50926775270844,-14.99740228829113,96.48394586573313,60.79,2024-02-07
1022,2024-02-09,35.7030725927289,-17.320540234761683,91.22060940172534,71.42,2024-02-08
1023,2024-02-10,30.91582569778192,-24.4288617858833,85.40501239275824,38.67,2024-02-09
1024,2024-02-11,30.328288369662303,-25.14927548199872,80.85313381310434,30.47,2024-02-10
1025,2024-02-12,37.59940155384383,-19.305663908162693,92.96013227235393,43.87,2024-02-11
1026,2024-02-13,39.70700397968111,-13.64419406320588,92.68400013780615,34.49,2024-02-12
1027,2024-02-14,41.928303619265535,-13.846803944971683,94.4359179415152,30.06,2024-02-13
1028,2024-02-15,43.28873679434619,-8.309396530421571,102.42223435935983,39.17,2024-02-14
1029,2024-02-16,38.61269319212686,-14.208291240201214,94.91480586700384,30.84,2024-02-15
1030,2024-02-17,32.38700477274706,-21.076535145579992,87.61019195176486,22.61,2024-02-16
1031,2024-02-18,30.49839226844277,-26.537908670751374,87.12916426248606,25.48,2024-02-17
1032,2024-02-19,36.871521407669405,-20.477701492637685,88.89917770614979,37.55,2024-02-18
1033,2024-02-20,36.998286059831244,-20.5197782308612,95.73611352950331,41.43,2024-02-19
1034,2024-02-21,38.101918962405776,-17.111758042242307,95.34427093029251,43.66,2024-02-20
1035,2024-02-22,39.21517691710618,-11.334903072581437,93.03129226399602,51.38,2024-02-21
1036,2024-02-23,33.55786355507302,-20.697060804001094,89.1245408863532,44.87,2024-02-22
1037,2024-02-24,27.422037885481288,-26.653358998573545,81.23331202775529,30.79,2024-02-23
1038,2024-02-25,24.305925721510516,-27.619955771969664,78.04967467184815,31.69,2024-02-24
1039,2024-02-26,29.528964529185227,-22.884080701875124,81.70053165287871,44.05,2024-02-25
1040,2024-02-27,29.714462976805933,-26.938020917130007,79.35706178387825,52.08,2024-02-26
1041,2024-02-28,30.506641665791058,-26.56702174632946,79.33483111932411,65.49,2024-02-27
1042,2024-02-29,32.86953673554318,-21.18239575148246,87.93452232687021,74.11,2024-02-28
1043,2024-03-01,26.990733188579213,-32.0874981409276,80.83196423671647,58.41,2024-02-29
1044,2024-03-02,20.25867100588222,-33.41654242647588,76.89975718792442,52.44,2024-03-01
1045,2024-03-03,18.24169903021072,-33.82142678839641,74.42678665028133,54.77,2024-03-02
1046,2024-03-04,24.14607892936223,-31.41927364513968,80.74885131530006,86.44,2024-03-03
1047,2024-03-05,25.442940908298866,-27.557184546129236,77.14374667026131,98.68,2024-03-04
1048,2024-03-06,28.0352251151677,-28.25525453189006,86.57092579282218,83.46,2024-03-05
1049,2024-03-07,29.08697947562919,-24.307548393059495,86.17887371952169,74.42,2024-03-06
1050,2024-03-08,24.37582935529048,-29.744036622675754,81.2474947719701,66.05,2024-03-07
1051,2024-03-09,17.648433801265146,-36.70783942555025,74.37266005572285,59.06,2024-03-08
1052,2024-03-10,18.299092318460847,-32.51945249667371,72.80880995409453,63.68,2024-03-09
1053,2024-03-11,25.652616053863703,-28.906664314982255,79.07099520914453,72.31,2024-03-10
1054,2024-03-12,27.122099982024256,-26.687323899898097,85.8414214662545,64.39,2024-03-11
1055,2024-03-13,29.329460731751496,-25.206830257720753,85.10081134321509,64.57,2024-03-12
1056,2024-03-14,32.03197809421584,-22.017306424275183,87.1950233256264,56.89,2024-03-13
1057,2024-03-15,27.21664164473959,-26.98376853634172,83.44425837074452,45.74,2024-03-14
1058,2024-03-16,22.495015423218508,-33.50275986731825,79.62947236270624,37.41,2024-03-15
1059,2024-03-17,22.047170323793498,-35.62639955695153,81.63998166630337,32.28,2024-03-16
1060,2024-03-18,29.370334745232253,-23.88601811676192,84.70665382409919,40.44,2024-03-17
1061,2024-03-19,30.618141392598492,-27.064678047424927,83.96738098728393,44.98,2024-03-18
1062,2024-03-20,32.47210322087939,-15.299098039318135,85.26069990382774,38.89,2024-03-19
1063,2024-03-21,34.80140226606356,-22.801044733474974,86.06640424479127,33.97,2024-03-20
1064,2024-03-22,30.487914986761275,-26.739055567866952,83.48391604884974,27.91,2024-03-21
1065,2024-03-23,24.649318752311785,-31.759023670175768,77.98963654792486,21.39,2024-03-22
1066,2024-03-24,23.124176183514006,-29.79432380429843,77.37414709662441,21.24,2024-03-23
1067,2024-03-25,29.666414492641266,-20.960306480265828,84.38561396578916,29.62,2024-03-24
1068,2024-03-26,30.59681915249463,-27.53964583286971,86.45579777590831,34.98,2024-03-25
1069,2024-03-27,32.934312852499225,-21.458900801503024,87.46722158693292,39.82,2024-03-26
1070,2024-03-28,34.211481396542524,-16.803943185097083,91.54333084877565,37.89,2024-03-27
1071,2024-03-29,28.874996851085232,-27.427362442675136,81.61932810951282,29.08,2024-03-28
